Interaction index,Player index,Opponent index,Repetition,Player name,Opponent name,Actions,Score,Score difference,Turns,Score per turn,Score difference per turn,Win,Initial cooperation,Cooperation count,CC count,CD count,DC count,DD count,CC to C count,CC to D count,CD to C count,CD to D count,DC to C count,DC to D count,DD to C count,DD to D count,Good partner
0,0,0,0,Tit For Tat,Tit For Tat,CCCCCCCCCCCCCCCCCCCCCCCCCCCCCCCCCCCCCCCCCCCCCCCCCCCCCCCCCCCCCCCCCCCCCCCCCCCCCCCCCCCCCCCCCCCCCCCCCCCCCCCCCCCCCCCCCCCCCCCCCCCCCCCCCCCCCCCCCCCCCCCCCCCCCCCCCCCCCCCCCCCCCCCCCCCCCCCCCCCCCCCCCCCCCCCCCCCCCCCC,600,0,200,3.0,0.0,0,True,200,200,0,0,0,199,0,0,0,0,0,0,0,1
0,0,0,0,Tit For Tat,Tit For Tat,CCCCCCCCCCCCCCCCCCCCCCCCCCCCCCCCCCCCCCCCCCCCCCCCCCCCCCCCCCCCCCCCCCCCCCCCCCCCCCCCCCCCCCCCCCCCCCCCCCCCCCCCCCCCCCCCCCCCCCCCCCCCCCCCCCCCCCCCCCCCCCCCCCCCCCCCCCCCCCCCCCCCCCCCCCCCCCCCCCCCCCCCCCCCCCCCCCCCCCCC,600,0,200,3.0,0.0,0,True,200,200,0,0,0,199,0,0,0,0,0,0,0,1
1,0,1,0,Tit For Tat,"First by Tideman and Chieruzzi: (D, D)",CCCCCCCCCCCCCCCCCCCCCCCCCCCCCCCCCCCCCCCCCCCCCCCCCCCCCCCCCCCCCCCCCCCCCCCCCCCCCCCCCCCCCCCCCCCCCCCCCCCCCCCCCCCCCCCCCCCCCCCCCCCCCCCCCCCCCCCCCCCCCCCCCCCCCCCCCCCCCCCCCCCCCCCCCCCCCCCCCCCCCCCCCCCCCCCCCCCCCCCD,595,-5,200,2.975,-0.025,0,True,199,198,1,0,1,198,0,0,1,0,0,0,0,1
1,1,0,0,"First by Tideman and Chieruzzi: (D, D)",Tit For Tat,CCCCCCCCCCCCCCCCCCCCCCCCCCCCCCCCCCCCCCCCCCCCCCCCCCCCCCCCCCCCCCCCCCCCCCCCCCCCCCCCCCCCCCCCCCCCCCCCCCCCCCCCCCCCCCCCCCCCCCCCCCCCCCCCCCCCCCCCCCCCCCCCCCCCCCCCCCCCCCCCCCCCCCCCCCCCCCCCCCCCCCCCCCCCCCCCCCCCCCDD,600,5,200,3.0,0.025,1,True,198,198,0,1,1,197,1,0,0,0,1,0,0,0
2,0,2,0,Tit For Tat,First by Nydegger,CCCCCCCCCCCCCCCCCCCCCCCCCCCCCCCCCCCCCCCCCCCCCCCCCCCCCCCCCCCCCCCCCCCCCCCCCCCCCCCCCCCCCCCCCCCCCCCCCCCCCCCCCCCCCCCCCCCCCCCCCCCCCCCCCCCCCCCCCCCCCCCCCCCCCCCCCCCCCCCCCCCCCCCCCCCCCCCCCCCCCCCCCCCCCCCCCCCCCCCC,600,0,200,3.0,0.0,0,True,200,200,0,0,0,199,0,0,0,0,0,0,0,1
2,2,0,0,First by Nydegger,Tit For Tat,CCCCCCCCCCCCCCCCCCCCCCCCCCCCCCCCCCCCCCCCCCCCCCCCCCCCCCCCCCCCCCCCCCCCCCCCCCCCCCCCCCCCCCCCCCCCCCCCCCCCCCCCCCCCCCCCCCCCCCCCCCCCCCCCCCCCCCCCCCCCCCCCCCCCCCCCCCCCCCCCCCCCCCCCCCCCCCCCCCCCCCCCCCCCCCCCCCCCCCCC,600,0,200,3.0,0.0,0,True,200,200,0,0,0,199,0,0,0,0,0,0,0,1
3,0,3,0,Tit For Tat,First by Grofman,CCCCCCCCCCCCCCCCCCCCCCCCCCCCCCCCCCCCCCCCCCCCCCCCCCCCCCCCCCCCCCCCCCCCCCCCCCCCCCCCCCCCCCCCCCCCCCCCCCCCCCCCCCCCCCCCCCCCCCCCCCCCCCCCCCCCCCCCCCCCCCCCCCCCCCCCCCCCCCCCCCCCCCCCCCCCCCCCCCCCCCCCCCCCCCCCCCCCCCCC,600,0,200,3.0,0.0,0,True,200,200,0,0,0,199,0,0,0,0,0,0,0,1
3,3,0,0,First by Grofman,Tit For Tat,CCCCCCCCCCCCCCCCCCCCCCCCCCCCCCCCCCCCCCCCCCCCCCCCCCCCCCCCCCCCCCCCCCCCCCCCCCCCCCCCCCCCCCCCCCCCCCCCCCCCCCCCCCCCCCCCCCCCCCCCCCCCCCCCCCCCCCCCCCCCCCCCCCCCCCCCCCCCCCCCCCCCCCCCCCCCCCCCCCCCCCCCCCCCCCCCCCCCCCCC,600,0,200,3.0,0.0,0,True,200,200,0,0,0,199,0,0,0,0,0,0,0,1
4,0,4,0,Tit For Tat,First by Shubik,CCCCCCCCCCCCCCCCCCCCCCCCCCCCCCCCCCCCCCCCCCCCCCCCCCCCCCCCCCCCCCCCCCCCCCCCCCCCCCCCCCCCCCCCCCCCCCCCCCCCCCCCCCCCCCCCCCCCCCCCCCCCCCCCCCCCCCCCCCCCCCCCCCCCCCCCCCCCCCCCCCCCCCCCCCCCCCCCCCCCCCCCCCCCCCCCCCCCCCCC,600,0,200,3.0,0.0,0,True,200,200,0,0,0,199,0,0,0,0,0,0,0,1
4,4,0,0,First by Shubik,Tit For Tat,CCCCCCCCCCCCCCCCCCCCCCCCCCCCCCCCCCCCCCCCCCCCCCCCCCCCCCCCCCCCCCCCCCCCCCCCCCCCCCCCCCCCCCCCCCCCCCCCCCCCCCCCCCCCCCCCCCCCCCCCCCCCCCCCCCCCCCCCCCCCCCCCCCCCCCCCCCCCCCCCCCCCCCCCCCCCCCCCCCCCCCCCCCCCCCCCCCCCCCCC,600,0,200,3.0,0.0,0,True,200,200,0,0,0,199,0,0,0,0,0,0,0,1
5,0,5,0,Tit For Tat,"First by Stein and Rapoport: 0.05: (D, D)",CCCCCCCCCCCCCCCCCCCCCCCCCCCCCCCCCCCCCCCCCCCCCCCCCCCCCCCCCCCCCCCCCCCCCCCCCCCCCCCCCCCCCCCCCCCCCCCCCCCCCCCCCCCCCCCCCCCCCCCCCCCCCCCCCCCCCCCCCCCCCCCCCCCCCCCCCCCCCCCCCCCCCCCCCCCCCCCCCCCCCCCCCCCCCCCCCCCCCCCD,595,-5,200,2.975,-0.025,0,True,199,198,1,0,1,198,0,0,1,0,0,0,0,1
5,5,0,0,"First by Stein and Rapoport: 0.05: (D, D)",Tit For Tat,CCCCCCCCCCCCCCCCCCCCCCCCCCCCCCCCCCCCCCCCCCCCCCCCCCCCCCCCCCCCCCCCCCCCCCCCCCCCCCCCCCCCCCCCCCCCCCCCCCCCCCCCCCCCCCCCCCCCCCCCCCCCCCCCCCCCCCCCCCCCCCCCCCCCCCCCCCCCCCCCCCCCCCCCCCCCCCCCCCCCCCCCCCCCCCCCCCCCCCDD,600,5,200,3.0,0.025,1,True,198,198,0,1,1,197,1,0,0,0,1,0,0,0
6,0,6,0,Tit For Tat,Grudger,CCCCCCCCCCCCCCCCCCCCCCCCCCCCCCCCCCCCCCCCCCCCCCCCCCCCCCCCCCCCCCCCCCCCCCCCCCCCCCCCCCCCCCCCCCCCCCCCCCCCCCCCCCCCCCCCCCCCCCCCCCCCCCCCCCCCCCCCCCCCCCCCCCCCCCCCCCCCCCCCCCCCCCCCCCCCCCCCCCCCCCCCCCCCCCCCCCCCCCCC,600,0,200,3.0,0.0,0,True,200,200,0,0,0,199,0,0,0,0,0,0,0,1
6,6,0,0,Grudger,Tit For Tat,CCCCCCCCCCCCCCCCCCCCCCCCCCCCCCCCCCCCCCCCCCCCCCCCCCCCCCCCCCCCCCCCCCCCCCCCCCCCCCCCCCCCCCCCCCCCCCCCCCCCCCCCCCCCCCCCCCCCCCCCCCCCCCCCCCCCCCCCCCCCCCCCCCCCCCCCCCCCCCCCCCCCCCCCCCCCCCCCCCCCCCCCCCCCCCCCCCCCCCCC,600,0,200,3.0,0.0,0,True,200,200,0,0,0,199,0,0,0,0,0,0,0,1
7,0,7,0,Tit For Tat,First by Davis: 10,CCCCCCCCCCCCCCCCCCCCCCCCCCCCCCCCCCCCCCCCCCCCCCCCCCCCCCCCCCCCCCCCCCCCCCCCCCCCCCCCCCCCCCCCCCCCCCCCCCCCCCCCCCCCCCCCCCCCCCCCCCCCCCCCCCCCCCCCCCCCCCCCCCCCCCCCCCCCCCCCCCCCCCCCCCCCCCCCCCCCCCCCCCCCCCCCCCCCCCCC,600,0,200,3.0,0.0,0,True,200,200,0,0,0,199,0,0,0,0,0,0,0,1
7,7,0,0,First by Davis: 10,Tit For Tat,CCCCCCCCCCCCCCCCCCCCCCCCCCCCCCCCCCCCCCCCCCCCCCCCCCCCCCCCCCCCCCCCCCCCCCCCCCCCCCCCCCCCCCCCCCCCCCCCCCCCCCCCCCCCCCCCCCCCCCCCCCCCCCCCCCCCCCCCCCCCCCCCCCCCCCCCCCCCCCCCCCCCCCCCCCCCCCCCCCCCCCCCCCCCCCCCCCCCCCCC,600,0,200,3.0,0.0,0,True,200,200,0,0,0,199,0,0,0,0,0,0,0,1
8,0,8,0,Tit For Tat,First by Graaskamp: 0.05,CCCCCCCCCCCCCCCCCCCCCCCCCCCCCCCCCCCCCCCCCCCCCCCCCCCDCDCDCDCDCDCDCDCDCDCDCDCDCDCDCDCDCDCDCDCDCDCDCDCDCDCDCDCDCDCDCDCDCDCDCDCDCDCDCDCDCDCDCDCDCDCDCDCDCDCDCDCDCDCDCDCDCDCDCDCDCDCDCDCDCDCDCDCDCDCDCDCDCDCD,525,0,200,2.625,0.0,0,True,125,50,75,75,0,50,0,0,75,74,0,0,0,1
8,8,0,0,First by Graaskamp: 0.05,Tit For Tat,CCCCCCCCCCCCCCCCCCCCCCCCCCCCCCCCCCCCCCCCCCCCCCCCCCDCDCDCDCDCDCDCDCDCDCDCDCDCDCDCDCDCDCDCDCDCDCDCDCDCDCDCDCDCDCDCDCDCDCDCDCDCDCDCDCDCDCDCDCDCDCDCDCDCDCDCDCDCDCDCDCDCDCDCDCDCDCDCDCDCDCDCDCDCDCDCDCDCDCDC,525,0,200,2.625,0.0,0,True,125,50,75,75,0,49,1,0,74,75,0,0,0,1
9,0,9,0,Tit For Tat,First by Downing,CDDCCCCCCCCCCCCCCCCCCCCCCCCCCCCCCCCCCCCCCCCCCCCCCCCCCCCCCCCCCCCCCCCCCCCCCCCCCCCCCCCCCCCCCCCCCCCCCCCCCCCCCCCCCCCCCCCCCCCCCCCCCCCCCCCCCCCCCCCCCCCCCCCCCCCCCCCCCCCCCCCCCCCCCCCCCCCCCCCCCCCCCCCCCCCCCCCCCCCC,597,0,200,2.985,0.0,0,True,198,197,1,1,1,196,0,0,1,1,0,0,1,1
9,9,0,0,First by Downing,Tit For Tat,DDCCCCCCCCCCCCCCCCCCCCCCCCCCCCCCCCCCCCCCCCCCCCCCCCCCCCCCCCCCCCCCCCCCCCCCCCCCCCCCCCCCCCCCCCCCCCCCCCCCCCCCCCCCCCCCCCCCCCCCCCCCCCCCCCCCCCCCCCCCCCCCCCCCCCCCCCCCCCCCCCCCCCCCCCCCCCCCCCCCCCCCCCCCCCCCCCCCCCCC,597,0,200,2.985,0.0,0,False,198,197,1,1,1,196,0,1,0,0,1,1,0,1
10,0,10,0,Tit For Tat,"First by Feld: 1.0, 0.5, 200",CCCCCCCCCCCCDCDCDCDCDCDCDCDCDCDCDCDCDDDDDDDDDDDDDDDDDDDDDDDDDDDDDDDDDDDDDDDDDDDDDDDDDDDDDDDDDDDDDDDDDDDDDDDDDDDDDDDDDDDDDDDDDDDDDDDDDDDDDDDDDDDDDDDDDDDDDDDDDDDDDDDDDDDDDDDDDDDDDDDDDDDDDDDDDDDDDDDDDDDD,257,-5,200,1.285,-0.025,0,True,24,11,13,12,164,11,0,0,13,12,0,0,163,1
10,10,0,0,"First by Feld: 1.0, 0.5, 200",Tit For Tat,CCCCCCCCCCCDCDCDCDCDCDCDCDCDCDCDCDCDDDDDDDDDDDDDDDDDDDDDDDDDDDDDDDDDDDDDDDDDDDDDDDDDDDDDDDDDDDDDDDDDDDDDDDDDDDDDDDDDDDDDDDDDDDDDDDDDDDDDDDDDDDDDDDDDDDDDDDDDDDDDDDDDDDDDDDDDDDDDDDDDDDDDDDDDDDDDDDDDDDDD,262,5,200,1.31,0.025,1,True,23,11,12,13,164,10,1,0,12,12,1,0,163,0
11,0,11,0,Tit For Tat,First by Joss: 0.9,CCCCDDDDDDDDDDDDDDDDDDDDDDDDDDDDDDDDDDDDDDDDDDDDDDDDDDDDDDDDDDDDDDDDDDDDDDDDDDDDDDDDDDDDDDDDDDDDDDDDDDDDDDDDDDDDDDDDDDDDDDDDDDDDDDDDDDDDDDDDDDDDDDDDDDDDDDDDDDDDDDDDDDDDDDDDDDDDDDDDDDDDDDDDDDDDDDDDDDDD,205,-5,200,1.025,-0.025,0,True,4,3,1,0,196,3,0,0,1,0,0,0,195,1
11,11,0,0,First by Joss: 0.9,Tit For Tat,CCCDDDDDDDDDDDDDDDDDDDDDDDDDDDDDDDDDDDDDDDDDDDDDDDDDDDDDDDDDDDDDDDDDDDDDDDDDDDDDDDDDDDDDDDDDDDDDDDDDDDDDDDDDDDDDDDDDDDDDDDDDDDDDDDDDDDDDDDDDDDDDDDDDDDDDDDDDDDDDDDDDDDDDDDDDDDDDDDDDDDDDDDDDDDDDDDDDDDDD,210,5,200,1.05,0.025,1,True,3,3,0,1,196,2,1,0,0,0,1,0,195,0
12,0,12,0,Tit For Tat,First by Tullock,CCCCCCCCCCCCCCCCCCCCCCCCCDCDCCCDDCCDCCCCDDCDCCCDDCDDDCCCCCCCDCCCCCCCCCCCCCCCCCCCCCCCCDCCCCDCCCDCDCCCCCCCCCCCCCDCCCCCCDDCCCCCCDCCDCCDCDCDDCDDDDDDCDCCDCDDDDCDCDDDCDCDDDDDDDDDDDDDDDDDDDDDDDDDDDDDDDDDDDDD,462,-5,200,2.31,-0.025,0,True,119,91,28,27,54,91,0,0,28,27,0,0,53,1
12,12,0,0,First by Tullock,Tit For Tat,CCCCCCCCCCCCCCCCCCCCCCCCDCDCCCDDCCDCCCCDDCDCCCDDCDDDCCCCCCCDCCCCCCCCCCCCCCCCCCCCCCCCDCCCCDCCCDCDCCCCCCCCCCCCCDCCCCCCDDCCCCCCDCCDCCDCDCDDCDDDDDDCDCCDCDDDDCDCDDDCDCDDDDDDDDDDDDDDDDDDDDDDDDDDDDDDDDDDDDDD,467,5,200,2.335,0.025,1,True,118,91,27,28,54,76,15,14,13,18,10,9,44,0
13,0,13,0,Tit For Tat,First by Anonymous,CCCCDCDDDDDDDCDDDDCCDCDDCCDDCCCDDDDDCDCDCCCCDCCDCDCCCCDCDCDCCDCCCDCDDCCDDDCDDDDDCDCDCCDCCCCCDDDDCCDCDDCCDDDDCDDDCCCCDDCDDCDCDCCDDDCCDCDCDCCCCCDCDDCDCCCDCDDDDCCDCDDDCCCCDDDDDCDDCCCCCCCCDDDCDDDDDDDDDCCD,436,-5,200,2.18,-0.025,0,True,96,48,48,47,57,48,0,0,48,47,0,0,56,1
13,13,0,0,First by Anonymous,Tit For Tat,CCCDCDDDDDDDCDDDDCCDCDDCCDDCCCDDDDDCDCDCCCCDCCDCDCCCCDCDCDCCDCCCDCDDCCDDDCDDDDDCDCDCCDCCCCCDDDDCCDCDDCCDDDDCDDDCCCCDDCDDCDCDCCDDDCCDCDCDCCCCCDCDDCDCCCDCDDDDCCDCDDDCCCCDDDDDCDDCCCCCCCCDDDCDDDDDDDDDCCDD,441,5,200,2.205,0.025,1,True,95,48,47,48,57,25,23,22,25,25,23,22,34,0
14,0,14,0,Tit For Tat,Random: 0.5,CDDCCCCCCCDDCCDCDDDCCDDDDCCCCDDCCCDDCDCDDCCDDDDCDDCCCCDDCDCCCCCDDDDDCCCCCCCDDDDDDDDDDDCDDDCDDCDCDDCCCDDDDCCDCDCCCCDCDCDCDCCDCDCDDDCDCCCCCCDCCCDCDCCDCCDDDCDDCDDCDCDCCCDDDCDDDCDDDCCCDDDDCDDDCDDCDDCDCCCC,440,-5,200,2.2,-0.025,0,True,98,50,48,47,55,50,0,0,47,47,0,0,55,1
14,14,0,0,Random: 0.5,Tit For Tat,DDCCCCCCCDDCCDCDDDCCDDDDCCCCDDCCCDDCDCDDCCDDDDCDDCCCCDDCDCCCCCDDDDDCCCCCCCDDDDDDDDDDDCDDDCDDCDCDDCCCDDDDCCDCDCCCCDCDCDCDCCDCDCDDDCDCCCCCCDCCCDCDCCDCCDDDCDDCDDCDCDCCCDDDCDDDCDDDCCCDDDDCDDDCDDCDDCDCCCCD,445,5,200,2.225,0.025,1,False,97,50,47,48,55,30,20,20,27,20,27,27,28,0
15,0,15,0,Tit For Tat,"MyStrategy: [LinearRegression(), LinearRegression(), LinearRegression(), LinearRegression(), LinearRegression(), LinearRegression()], LogisticRegression(), 9",CCCCCCCCCCDDDDDDDDDDCCCCCCCCCCCCCCCCCCCCCCCCCCCCCCCCCCCCCCCCCCCCCCCCCCCCCCCCCCCCCCCCCCCCCCCCCCCCCCCCCCCCCCCCCCCCCCCCCCCCCCCCCCCCCCCCCCCCCCCCCCCCCCCCCCCCCCCCCCCCCCCCCCCCCCCCCCCCCCCCDDDDDDDDDDDDDDDDDDDD,538,-5,200,2.69,-0.025,0,True,170,168,2,1,29,168,0,0,2,1,0,0,28,1
15,15,0,0,"MyStrategy: [LinearRegression(), LinearRegression(), LinearRegression(), LinearRegression(), LinearRegression(), LinearRegression()], LogisticRegression(), 9",Tit For Tat,CCCCCCCCCDDDDDDDDDDCCCCCCCCCCCCCCCCCCCCCCCCCCCCCCCCCCCCCCCCCCCCCCCCCCCCCCCCCCCCCCCCCCCCCCCCCCCCCCCCCCCCCCCCCCCCCCCCCCCCCCCCCCCCCCCCCCCCCCCCCCCCCCCCCCCCCCCCCCCCCCCCCCCCCCCCCCCCCCCCDDDDDDDDDDDDDDDDDDDDD,543,5,200,2.715,0.025,1,True,169,168,1,2,29,166,2,1,0,0,2,1,27,0
16,1,1,0,"First by Tideman and Chieruzzi: (D, D)","First by Tideman and Chieruzzi: (D, D)",CCCCCCCCCCCCCCCCCCCCCCCCCCCCCCCCCCCCCCCCCCCCCCCCCCCCCCCCCCCCCCCCCCCCCCCCCCCCCCCCCCCCCCCCCCCCCCCCCCCCCCCCCCCCCCCCCCCCCCCCCCCCCCCCCCCCCCCCCCCCCCCCCCCCCCCCCCCCCCCCCCCCCCCCCCCCCCCCCCCCCCCCCCCCCCCCCCCCCCDD,596,0,200,2.98,0.0,0,True,198,198,0,0,2,197,1,0,0,0,0,0,1,1
16,1,1,0,"First by Tideman and Chieruzzi: (D, D)","First by Tideman and Chieruzzi: (D, D)",CCCCCCCCCCCCCCCCCCCCCCCCCCCCCCCCCCCCCCCCCCCCCCCCCCCCCCCCCCCCCCCCCCCCCCCCCCCCCCCCCCCCCCCCCCCCCCCCCCCCCCCCCCCCCCCCCCCCCCCCCCCCCCCCCCCCCCCCCCCCCCCCCCCCCCCCCCCCCCCCCCCCCCCCCCCCCCCCCCCCCCCCCCCCCCCCCCCCCCDD,596,0,200,2.98,0.0,0,True,198,198,0,0,2,197,1,0,0,0,0,0,1,1
17,1,2,0,"First by Tideman and Chieruzzi: (D, D)",First by Nydegger,CCCCCCCCCCCCCCCCCCCCCCCCCCCCCCCCCCCCCCCCCCCCCCCCCCCCCCCCCCCCCCCCCCCCCCCCCCCCCCCCCCCCCCCCCCCCCCCCCCCCCCCCCCCCCCCCCCCCCCCCCCCCCCCCCCCCCCCCCCCCCCCCCCCCCCCCCCCCCCCCCCCCCCCCCCCCCCCCCCCCCCCCCCCCCCCCCCCCCCDD,604,10,200,3.02,0.05,1,True,198,198,0,2,0,197,1,0,0,0,1,0,0,0
17,2,1,0,First by Nydegger,"First by Tideman and Chieruzzi: (D, D)",CCCCCCCCCCCCCCCCCCCCCCCCCCCCCCCCCCCCCCCCCCCCCCCCCCCCCCCCCCCCCCCCCCCCCCCCCCCCCCCCCCCCCCCCCCCCCCCCCCCCCCCCCCCCCCCCCCCCCCCCCCCCCCCCCCCCCCCCCCCCCCCCCCCCCCCCCCCCCCCCCCCCCCCCCCCCCCCCCCCCCCCCCCCCCCCCCCCCCCCC,594,-10,200,2.97,-0.05,0,True,200,198,2,0,0,198,0,1,0,0,0,0,0,1
18,1,3,0,"First by Tideman and Chieruzzi: (D, D)",First by Grofman,CCCCCCCCCCCCCCCCCCCCCCCCCCCCCCCCCCCCCCCCCCCCCCCCCCCCCCCCCCCCCCCCCCCCCCCCCCCCCCCCCCCCCCCCCCCCCCCCCCCCCCCCCCCCCCCCCCCCCCCCCCCCCCCCCCCCCCCCCCCCCCCCCCCCCCCCCCCCCCCCCCCCCCCCCCCCCCCCCCCCCCCCCCCCCCCCCCCCCCDD,604,10,200,3.02,0.05,1,True,198,198,0,2,0,197,1,0,0,0,1,0,0,0
18,3,1,0,First by Grofman,"First by Tideman and Chieruzzi: (D, D)",CCCCCCCCCCCCCCCCCCCCCCCCCCCCCCCCCCCCCCCCCCCCCCCCCCCCCCCCCCCCCCCCCCCCCCCCCCCCCCCCCCCCCCCCCCCCCCCCCCCCCCCCCCCCCCCCCCCCCCCCCCCCCCCCCCCCCCCCCCCCCCCCCCCCCCCCCCCCCCCCCCCCCCCCCCCCCCCCCCCCCCCCCCCCCCCCCCCCCCCC,594,-10,200,2.97,-0.05,0,True,200,198,2,0,0,198,0,1,0,0,0,0,0,1
19,1,4,0,"First by Tideman and Chieruzzi: (D, D)",First by Shubik,CCCCCCCCCCCCCCCCCCCCCCCCCCCCCCCCCCCCCCCCCCCCCCCCCCCCCCCCCCCCCCCCCCCCCCCCCCCCCCCCCCCCCCCCCCCCCCCCCCCCCCCCCCCCCCCCCCCCCCCCCCCCCCCCCCCCCCCCCCCCCCCCCCCCCCCCCCCCCCCCCCCCCCCCCCCCCCCCCCCCCCCCCCCCCCCCCCCCCCDD,600,5,200,3.0,0.025,1,True,198,198,0,1,1,197,1,0,0,0,1,0,0,0
19,4,1,0,First by Shubik,"First by Tideman and Chieruzzi: (D, D)",CCCCCCCCCCCCCCCCCCCCCCCCCCCCCCCCCCCCCCCCCCCCCCCCCCCCCCCCCCCCCCCCCCCCCCCCCCCCCCCCCCCCCCCCCCCCCCCCCCCCCCCCCCCCCCCCCCCCCCCCCCCCCCCCCCCCCCCCCCCCCCCCCCCCCCCCCCCCCCCCCCCCCCCCCCCCCCCCCCCCCCCCCCCCCCCCCCCCCCCD,595,-5,200,2.975,-0.025,0,True,199,198,1,0,1,198,0,0,1,0,0,0,0,1
20,1,5,0,"First by Tideman and Chieruzzi: (D, D)","First by Stein and Rapoport: 0.05: (D, D)",CCCCCCCCCCCCCCCCCCCCCCCCCCCCCCCCCCCCCCCCCCCCCCCCCCCCCCCCCCCCCCCCCCCCCCCCCCCCCCCCCCCCCCCCCCCCCCCCCCCCCCCCCCCCCCCCCCCCCCCCCCCCCCCCCCCCCCCCCCCCCCCCCCCCCCCCCCCCCCCCCCCCCCCCCCCCCCCCCCCCCCCCCCCCCCCCCCCCCCDD,596,0,200,2.98,0.0,0,True,198,198,0,0,2,197,1,0,0,0,0,0,1,1
20,5,1,0,"First by Stein and Rapoport: 0.05: (D, D)","First by Tideman and Chieruzzi: (D, D)",CCCCCCCCCCCCCCCCCCCCCCCCCCCCCCCCCCCCCCCCCCCCCCCCCCCCCCCCCCCCCCCCCCCCCCCCCCCCCCCCCCCCCCCCCCCCCCCCCCCCCCCCCCCCCCCCCCCCCCCCCCCCCCCCCCCCCCCCCCCCCCCCCCCCCCCCCCCCCCCCCCCCCCCCCCCCCCCCCCCCCCCCCCCCCCCCCCCCCCDD,596,0,200,2.98,0.0,0,True,198,198,0,0,2,197,1,0,0,0,0,0,1,1
21,1,6,0,"First by Tideman and Chieruzzi: (D, D)",Grudger,CCCCCCCCCCCCCCCCCCCCCCCCCCCCCCCCCCCCCCCCCCCCCCCCCCCCCCCCCCCCCCCCCCCCCCCCCCCCCCCCCCCCCCCCCCCCCCCCCCCCCCCCCCCCCCCCCCCCCCCCCCCCCCCCCCCCCCCCCCCCCCCCCCCCCCCCCCCCCCCCCCCCCCCCCCCCCCCCCCCCCCCCCCCCCCCCCCCCCCDD,600,5,200,3.0,0.025,1,True,198,198,0,1,1,197,1,0,0,0,1,0,0,0
21,6,1,0,Grudger,"First by Tideman and Chieruzzi: (D, D)",CCCCCCCCCCCCCCCCCCCCCCCCCCCCCCCCCCCCCCCCCCCCCCCCCCCCCCCCCCCCCCCCCCCCCCCCCCCCCCCCCCCCCCCCCCCCCCCCCCCCCCCCCCCCCCCCCCCCCCCCCCCCCCCCCCCCCCCCCCCCCCCCCCCCCCCCCCCCCCCCCCCCCCCCCCCCCCCCCCCCCCCCCCCCCCCCCCCCCCCD,595,-5,200,2.975,-0.025,0,True,199,198,1,0,1,198,0,0,1,0,0,0,0,1
22,1,7,0,"First by Tideman and Chieruzzi: (D, D)",First by Davis: 10,CCCCCCCCCCCCCCCCCCCCCCCCCCCCCCCCCCCCCCCCCCCCCCCCCCCCCCCCCCCCCCCCCCCCCCCCCCCCCCCCCCCCCCCCCCCCCCCCCCCCCCCCCCCCCCCCCCCCCCCCCCCCCCCCCCCCCCCCCCCCCCCCCCCCCCCCCCCCCCCCCCCCCCCCCCCCCCCCCCCCCCCCCCCCCCCCCCCCCCDD,600,5,200,3.0,0.025,1,True,198,198,0,1,1,197,1,0,0,0,1,0,0,0
22,7,1,0,First by Davis: 10,"First by Tideman and Chieruzzi: (D, D)",CCCCCCCCCCCCCCCCCCCCCCCCCCCCCCCCCCCCCCCCCCCCCCCCCCCCCCCCCCCCCCCCCCCCCCCCCCCCCCCCCCCCCCCCCCCCCCCCCCCCCCCCCCCCCCCCCCCCCCCCCCCCCCCCCCCCCCCCCCCCCCCCCCCCCCCCCCCCCCCCCCCCCCCCCCCCCCCCCCCCCCCCCCCCCCCCCCCCCCCD,595,-5,200,2.975,-0.025,0,True,199,198,1,0,1,198,0,0,1,0,0,0,0,1
23,1,8,0,"First by Tideman and Chieruzzi: (D, D)",First by Graaskamp: 0.05,CCCCCCCCCCCCCCCCCCCCCCCCCCCCCCCCCCCCCCCCCCCCCCCCCCCDCDDDDDCCCCCCCCCCCCDCCCCDDCCCCCCCCCCCCDCCCCCCCCCCCDCCCCCCDDCCCCCCCCCCCCDCCCCCCCCCCCCCDDCCCDCCCCCCCDDCCCCCDDCCCCCDCCCCCCCCCCCCDDCCCCCCCCCCCCDCCCCCCDDD,600,50,200,3.0,0.25,1,True,172,156,16,26,2,156,0,0,16,15,10,0,2,0
23,8,1,0,First by Graaskamp: 0.05,"First by Tideman and Chieruzzi: (D, D)",CCCCCCCCCCCCCCCCCCCCCCCCCCCCCCCCCCCCCCCCCCCCCCCCCCDCDCDDCCCCCCCCCCCCCDCCCCDCCCCCCCCCCCCCDCCCCCCCCCCCDCCCCCCDCCCCCCCCCCCCCDCCCCCCCCCCCCCDCCCCDCCCCCCCDCCCCCCDCCCCCCDCCCCCCCCCCCCDCCCCCCCCCCCCCDCCCCCCDCCC,550,-50,200,2.75,-0.25,0,True,182,156,26,16,2,141,15,23,2,16,0,1,1,1
24,1,9,0,"First by Tideman and Chieruzzi: (D, D)",First by Downing,CDDDCDDDCDDDDDDDDDDDDDDDDDDDDDDDDDDDDDDDDDDDDDDDDDDDDDDDDDDDDDDDDDDDDDDDDDDDDDDDDDDDDDDDDDDDDDDDDDDDDDDDDDDDDDDDDDDDDDDDDDDDDDDDDDDDDDDDDDDDDDDDDDDDDDDDDDDDDDDDDDDDDDDDDDDDDDDDDDDDDDDDDDDDDDDDDDDDDDDD,233,30,200,1.165,0.15,1,True,3,0,3,9,188,0,0,0,3,2,7,0,187,0
24,9,1,0,First by Downing,"First by Tideman and Chieruzzi: (D, D)",DDCCDCCCDCCCDCDDDDDDDDDDDDDDDDDDDDDDDDDDDDDDDDDDDDDDDDDDDDDDDDDDDDDDDDDDDDDDDDDDDDDDDDDDDDDDDDDDDDDDDDDDDDDDDDDDDDDDDDDDDDDDDDDDDDDDDDDDDDDDDDDDDDDDDDDDDDDDDDDDDDDDDDDDDDDDDDDDDDDDDDDDDDDDDDDDDDDDDDDD,203,-30,200,1.015,-0.15,0,False,9,0,9,3,188,0,0,5,4,2,1,2,185,1
25,1,10,0,"First by Tideman and Chieruzzi: (D, D)","First by Feld: 1.0, 0.5, 200",CCCCCCCCCCCCCCCCCCCCCCCCCCCCCCCCCCCCCCCCCCCCDCDDDDDDDDDDDDDDDDDDDDDDDDDDDDDDDDDDDDDDDDDDDDDDDDDDDDDDDDDDDDDDDDDDDDDDDDDDDDDDDDDDDDDDDDDDDDDDDDDDDDDDDDDDDDDDDDDDDDDDDDDDDDDDDDDDDDDDDDDDDDDDDDDDDDDDDDDD,292,0,200,1.46,0.0,0,True,45,43,2,2,153,43,0,0,2,1,1,0,152,1
25,10,1,0,"First by Feld: 1.0, 0.5, 200","First by Tideman and Chieruzzi: (D, D)",CCCCCCCCCCCCCCCCCCCCCCCCCCCCCCCCCCCCCCCCCCCDCDCDDDDDDDDDDDDDDDDDDDDDDDDDDDDDDDDDDDDDDDDDDDDDDDDDDDDDDDDDDDDDDDDDDDDDDDDDDDDDDDDDDDDDDDDDDDDDDDDDDDDDDDDDDDDDDDDDDDDDDDDDDDDDDDDDDDDDDDDDDDDDDDDDDDDDDDDD,292,0,200,1.46,0.0,0,True,45,43,2,2,153,42,1,0,2,2,0,0,152,1
26,1,11,0,"First by Tideman and Chieruzzi: (D, D)",First by Joss: 0.9,CCCCCCCCCCCCCCDCDDDDDDDDDDDDDDDDDDDDDDDDDDDDDDDDDDDDDDDDDDDDDDDDDDDDDDDDDDDDDDDDDDDDDDDDDDDDDDDDDDDDDDDDDDDDDDDDDDDDDDDDDDDDDDDDDDDDDDDDDDDDDDDDDDDDDDDDDDDDDDDDDDDDDDDDDDDDDDDDDDDDDDDDDDDDDDDDDDDDDDDD,228,-5,200,1.14,-0.025,0,True,15,13,2,1,184,13,0,0,2,1,0,0,183,1
26,11,1,0,First by Joss: 0.9,"First by Tideman and Chieruzzi: (D, D)",CCCCCCCCCCCCCDCDDDDDDDDDDDDDDDDDDDDDDDDDDDDDDDDDDDDDDDDDDDDDDDDDDDDDDDDDDDDDDDDDDDDDDDDDDDDDDDDDDDDDDDDDDDDDDDDDDDDDDDDDDDDDDDDDDDDDDDDDDDDDDDDDDDDDDDDDDDDDDDDDDDDDDDDDDDDDDDDDDDDDDDDDDDDDDDDDDDDDDDDD,233,5,200,1.165,0.025,1,True,14,13,1,2,184,12,1,0,1,1,1,0,183,0
27,1,12,0,"First by Tideman and Chieruzzi: (D, D)",First by Tullock,CCCCCCCCCCCCCCCCCCCCCCCCCCCDCCCDDCCCDDCCCDDDCDDDDDDDDDDDDDDDDDDDDDDDDDDDDDDDDDDDDDDDDDDDDDDDDDDDDDDDDDDDDDDDDDDDDDDDDDDDDDDDDDDDDDDDDDDDDDDDDDDDDDDDDDDDDDDDDDDDDDDDDDDDDDDDDDDDDDDDDDDDDDDDDDDDDDDDDDDD,284,5,200,1.42,0.025,1,True,37,31,6,7,156,31,0,1,5,4,3,0,155,0
27,12,1,0,First by Tullock,"First by Tideman and Chieruzzi: (D, D)",CCCCCCCCCCCCCCCCCCCCCCCCCCDCCCDCCCCDCCDCDDDCDCDDDDDDDDDDDDDDDDDDDDDDDDDDDDDDDDDDDDDDDDDDDDDDDDDDDDDDDDDDDDDDDDDDDDDDDDDDDDDDDDDDDDDDDDDDDDDDDDDDDDDDDDDDDDDDDDDDDDDDDDDDDDDDDDDDDDDDDDDDDDDDDDDDDDDDDDDD,279,-5,200,1.395,-0.025,0,True,38,31,7,6,156,27,4,4,3,5,1,1,154,1
28,1,13,0,"First by Tideman and Chieruzzi: (D, D)",First by Anonymous,CCCCDCDDDDDDDDDCCCCCDDDDDCCCCCDDDDDDCDDDDDDDDDDDDDDDCDDDDDDDDDDDDDDDDDDDCDDDDDDDDDDDCCCCDDDDDDDDDDDDDDDDDDDDDDDDDDDDDDDDDDDDDDDDDDDDDDDDDDDDDDCDDDDDDDDDDDDDDDDCDDDDDDDDDDDDDDDDDCDDDDDDDDDDDDDDDDDDCCDD,606,425,200,3.03,2.125,1,True,27,15,12,97,76,15,0,0,12,11,85,0,76,0
28,13,1,0,First by Anonymous,"First by Tideman and Chieruzzi: (D, D)",CCCDCDCDCCDDCDCCCCCDCDCDCCCCCDDCDDCCDDCDCDDDCCCCCCCCDCCCDDCCCDDCCDCCDCDCDCCCDCCCCDDCCCCDDDCCDDCDDCCDCCCDDCCDDCDDDCCCDDCDCDDCCCDDCCDCDDCDDDCCDCDCCDCDDDDDCCDDCCCDCCDDCDDCCDCDCDCDCDCDDDCCCDDCCCDDCDCCCDCC,181,-425,200,0.905,-2.125,0,True,112,15,97,12,76,10,5,47,49,9,3,45,31,1
29,1,14,0,"First by Tideman and Chieruzzi: (D, D)",Random: 0.5,CCCDDDDDDCCDDDDDDDDDDDDDDDCDDDDDDDDDDDDDDDCDDDDDDDDDDDDDDDDDDDCDDDDDDDDDDDDDDDDDDDDDDDDDDDDDDDDDDDDCCCCDDDDDDDDDDDDDDCDDDDDDDDDDDDDDDCDDDDDDDDDDDDDDDDDDDDDDDDDDDDDDDDDCDDDDDDDDDDDDDDDDDDCCCDDDDDDDDDDD,562,395,200,2.81,1.975,1,True,18,8,10,89,93,8,0,0,10,9,80,0,92,0
29,14,1,0,Random: 0.5,"First by Tideman and Chieruzzi: (D, D)",CCDDDDCDCCDDCDDCCCDDDCDDDCDDDCDCDDDCDDCDDCDDDDCDCCCDCDCCDCDDCCDDDDCDDCCDCDCDCCCDDCCDCDCDCCDCDDDCDDCCCCDCDDDCCDCDCCCCCDCDDDCCDDDCDCCCCDDDDDDCCCCCCCCCCDCCDCCCCCDDDDCDDCCDCDDDCDDCCCCDDDDDCCCCDDDCDDCDDCCD,167,-395,200,0.835,-1.975,0,True,97,8,89,10,93,4,4,43,46,3,7,46,46,1
30,1,15,0,"First by Tideman and Chieruzzi: (D, D)","MyStrategy: [LinearRegression(), LinearRegression(), LinearRegression(), LinearRegression(), LinearRegression(), LinearRegression()], LogisticRegression(), 9",CCCCCCCCCCDDDDDDDDDDCCCCCCCCCCCCCCCCCCCCCCCCCCCCCCCCCCCCCCCCCCCCCCCCCCCCCCCCCCCCCCCCCCCCCCCCCCCCCCCCCCCCCCCCCCCCCCCCCCCCCCCCCCCCCCCCCCCCCCCCCCCCCCCCCCCCCCCCCCCCCCCCCCCCCCCCCCCCCCCCDDDDDDDDDDDDDDDDDDDD,538,-5,200,2.69,-0.025,0,True,170,168,2,1,29,168,0,0,2,1,0,0,28,1
30,15,1,0,"MyStrategy: [LinearRegression(), LinearRegression(), LinearRegression(), LinearRegression(), LinearRegression(), LinearRegression()], LogisticRegression(), 9","First by Tideman and Chieruzzi: (D, D)",CCCCCCCCCDDDDDDDDDDCCCCCCCCCCCCCCCCCCCCCCCCCCCCCCCCCCCCCCCCCCCCCCCCCCCCCCCCCCCCCCCCCCCCCCCCCCCCCCCCCCCCCCCCCCCCCCCCCCCCCCCCCCCCCCCCCCCCCCCCCCCCCCCCCCCCCCCCCCCCCCCCCCCCCCCCCCCCCCCCDDDDDDDDDDDDDDDDDDDDD,543,5,200,2.715,0.025,1,True,169,168,1,2,29,166,2,1,0,0,2,1,27,0
31,2,2,0,First by Nydegger,First by Nydegger,CCCCCCCCCCCCCCCCCCCCCCCCCCCCCCCCCCCCCCCCCCCCCCCCCCCCCCCCCCCCCCCCCCCCCCCCCCCCCCCCCCCCCCCCCCCCCCCCCCCCCCCCCCCCCCCCCCCCCCCCCCCCCCCCCCCCCCCCCCCCCCCCCCCCCCCCCCCCCCCCCCCCCCCCCCCCCCCCCCCCCCCCCCCCCCCCCCCCCCCC,600,0,200,3.0,0.0,0,True,200,200,0,0,0,199,0,0,0,0,0,0,0,1
31,2,2,0,First by Nydegger,First by Nydegger,CCCCCCCCCCCCCCCCCCCCCCCCCCCCCCCCCCCCCCCCCCCCCCCCCCCCCCCCCCCCCCCCCCCCCCCCCCCCCCCCCCCCCCCCCCCCCCCCCCCCCCCCCCCCCCCCCCCCCCCCCCCCCCCCCCCCCCCCCCCCCCCCCCCCCCCCCCCCCCCCCCCCCCCCCCCCCCCCCCCCCCCCCCCCCCCCCCCCCCCC,600,0,200,3.0,0.0,0,True,200,200,0,0,0,199,0,0,0,0,0,0,0,1
32,2,3,0,First by Nydegger,First by Grofman,CCCCCCCCCCCCCCCCCCCCCCCCCCCCCCCCCCCCCCCCCCCCCCCCCCCCCCCCCCCCCCCCCCCCCCCCCCCCCCCCCCCCCCCCCCCCCCCCCCCCCCCCCCCCCCCCCCCCCCCCCCCCCCCCCCCCCCCCCCCCCCCCCCCCCCCCCCCCCCCCCCCCCCCCCCCCCCCCCCCCCCCCCCCCCCCCCCCCCCCC,600,0,200,3.0,0.0,0,True,200,200,0,0,0,199,0,0,0,0,0,0,0,1
32,3,2,0,First by Grofman,First by Nydegger,CCCCCCCCCCCCCCCCCCCCCCCCCCCCCCCCCCCCCCCCCCCCCCCCCCCCCCCCCCCCCCCCCCCCCCCCCCCCCCCCCCCCCCCCCCCCCCCCCCCCCCCCCCCCCCCCCCCCCCCCCCCCCCCCCCCCCCCCCCCCCCCCCCCCCCCCCCCCCCCCCCCCCCCCCCCCCCCCCCCCCCCCCCCCCCCCCCCCCCCC,600,0,200,3.0,0.0,0,True,200,200,0,0,0,199,0,0,0,0,0,0,0,1
33,2,4,0,First by Nydegger,First by Shubik,CCCCCCCCCCCCCCCCCCCCCCCCCCCCCCCCCCCCCCCCCCCCCCCCCCCCCCCCCCCCCCCCCCCCCCCCCCCCCCCCCCCCCCCCCCCCCCCCCCCCCCCCCCCCCCCCCCCCCCCCCCCCCCCCCCCCCCCCCCCCCCCCCCCCCCCCCCCCCCCCCCCCCCCCCCCCCCCCCCCCCCCCCCCCCCCCCCCCCCCC,600,0,200,3.0,0.0,0,True,200,200,0,0,0,199,0,0,0,0,0,0,0,1
33,4,2,0,First by Shubik,First by Nydegger,CCCCCCCCCCCCCCCCCCCCCCCCCCCCCCCCCCCCCCCCCCCCCCCCCCCCCCCCCCCCCCCCCCCCCCCCCCCCCCCCCCCCCCCCCCCCCCCCCCCCCCCCCCCCCCCCCCCCCCCCCCCCCCCCCCCCCCCCCCCCCCCCCCCCCCCCCCCCCCCCCCCCCCCCCCCCCCCCCCCCCCCCCCCCCCCCCCCCCCCC,600,0,200,3.0,0.0,0,True,200,200,0,0,0,199,0,0,0,0,0,0,0,1
34,2,5,0,First by Nydegger,"First by Stein and Rapoport: 0.05: (D, D)",CCCCCCCCCCCCCCCCCCCCCCCCCCCCCCCCCCCCCCCCCCCCCCCCCCCCCCCCCCCCCCCCCCCCCCCCCCCCCCCCCCCCCCCCCCCCCCCCCCCCCCCCCCCCCCCCCCCCCCCCCCCCCCCCCCCCCCCCCCCCCCCCCCCCCCCCCCCCCCCCCCCCCCCCCCCCCCCCCCCCCCCCCCCCCCCCCCCCCCCC,594,-10,200,2.97,-0.05,0,True,200,198,2,0,0,198,0,1,0,0,0,0,0,1
34,5,2,0,"First by Stein and Rapoport: 0.05: (D, D)",First by Nydegger,CCCCCCCCCCCCCCCCCCCCCCCCCCCCCCCCCCCCCCCCCCCCCCCCCCCCCCCCCCCCCCCCCCCCCCCCCCCCCCCCCCCCCCCCCCCCCCCCCCCCCCCCCCCCCCCCCCCCCCCCCCCCCCCCCCCCCCCCCCCCCCCCCCCCCCCCCCCCCCCCCCCCCCCCCCCCCCCCCCCCCCCCCCCCCCCCCCCCCCDD,604,10,200,3.02,0.05,1,True,198,198,0,2,0,197,1,0,0,0,1,0,0,0
35,2,6,0,First by Nydegger,Grudger,CCCCCCCCCCCCCCCCCCCCCCCCCCCCCCCCCCCCCCCCCCCCCCCCCCCCCCCCCCCCCCCCCCCCCCCCCCCCCCCCCCCCCCCCCCCCCCCCCCCCCCCCCCCCCCCCCCCCCCCCCCCCCCCCCCCCCCCCCCCCCCCCCCCCCCCCCCCCCCCCCCCCCCCCCCCCCCCCCCCCCCCCCCCCCCCCCCCCCCCC,600,0,200,3.0,0.0,0,True,200,200,0,0,0,199,0,0,0,0,0,0,0,1
35,6,2,0,Grudger,First by Nydegger,CCCCCCCCCCCCCCCCCCCCCCCCCCCCCCCCCCCCCCCCCCCCCCCCCCCCCCCCCCCCCCCCCCCCCCCCCCCCCCCCCCCCCCCCCCCCCCCCCCCCCCCCCCCCCCCCCCCCCCCCCCCCCCCCCCCCCCCCCCCCCCCCCCCCCCCCCCCCCCCCCCCCCCCCCCCCCCCCCCCCCCCCCCCCCCCCCCCCCCCC,600,0,200,3.0,0.0,0,True,200,200,0,0,0,199,0,0,0,0,0,0,0,1
36,2,7,0,First by Nydegger,First by Davis: 10,CCCCCCCCCCCCCCCCCCCCCCCCCCCCCCCCCCCCCCCCCCCCCCCCCCCCCCCCCCCCCCCCCCCCCCCCCCCCCCCCCCCCCCCCCCCCCCCCCCCCCCCCCCCCCCCCCCCCCCCCCCCCCCCCCCCCCCCCCCCCCCCCCCCCCCCCCCCCCCCCCCCCCCCCCCCCCCCCCCCCCCCCCCCCCCCCCCCCCCCC,600,0,200,3.0,0.0,0,True,200,200,0,0,0,199,0,0,0,0,0,0,0,1
36,7,2,0,First by Davis: 10,First by Nydegger,CCCCCCCCCCCCCCCCCCCCCCCCCCCCCCCCCCCCCCCCCCCCCCCCCCCCCCCCCCCCCCCCCCCCCCCCCCCCCCCCCCCCCCCCCCCCCCCCCCCCCCCCCCCCCCCCCCCCCCCCCCCCCCCCCCCCCCCCCCCCCCCCCCCCCCCCCCCCCCCCCCCCCCCCCCCCCCCCCCCCCCCCCCCCCCCCCCCCCCCC,600,0,200,3.0,0.0,0,True,200,200,0,0,0,199,0,0,0,0,0,0,0,1
37,2,8,0,First by Nydegger,First by Graaskamp: 0.05,CCCCCCCCCCCCCCCCCCCCCCCCCCCCCCCCCCCCCCCCCCCCCCCCCCCCCCCCCCCCCCCCCCCCCCCCCCCCCCCCCCCCCCCCCCCCCCCCCCCCCCCCCCCCCCCCCCCCCCCCCCCCCCCCCCCCCCCCCCCCCCCCCCCCCCCCCCCCCCCCCCCCCCCCCCCCCCCCCCCCCCCCCCCCCCCCCCCCCCCC,549,-85,200,2.745,-0.425,0,True,200,183,17,0,0,182,0,17,0,0,0,0,0,1
37,8,2,0,First by Graaskamp: 0.05,First by Nydegger,CCCCCCCCCCCCCCCCCCCCCCCCCCCCCCCCCCCCCCCCCCCCCCCCCCDCCCCCCCCCCCCCCCCCCDCCCCCDCCCCCCCDCCCCDCCCCCCCCCDCCCCCCCDCCCCCCCCCCCCCDCCCCCCCCCCCCDCCCCCDCCCCCCCCCCDCCCCCCDCCCCCDCCCCCCDCCCCCCCCCDCCCCCCDCCCCCDCCCCCC,634,85,200,3.17,0.425,1,True,183,183,0,17,0,165,17,0,0,17,0,0,0,0
38,2,9,0,First by Nydegger,First by Downing,CDDDDCCCCCCCCCCCCCCCCCCCCCCCCCCCCCCCCCCCCCCCCCCCCCCCCCCCCCCCCCCCCCCCCCCCCCCCCCCCCCCCCCCCCCCCCCCCCCCCCCCCCCCCCCCCCCCCCCCCCCCCCCCCCCCCCCCCCCCCCCCCCCCCCCCCCCCCCCCCCCCCCCCCCCCCCCCCCCCCCCCCCCCCCCCCCCCCCCCC,15,-965,200,0.075,-4.825,0,True,196,1,195,2,2,1,0,193,1,0,2,1,1,1
38,9,2,0,First by Downing,First by Nydegger,DDCCDCDDDDDDDDDDDDDDDDDDDDDDDDDDDDDDDDDDDDDDDDDDDDDDDDDDDDDDDDDDDDDDDDDDDDDDDDDDDDDDDDDDDDDDDDDDDDDDDDDDDDDDDDDDDDDDDDDDDDDDDDDDDDDDDDDDDDDDDDDDDDDDDDDDDDDDDDDDDDDDDDDDDDDDDDDDDDDDDDDDDDDDDDDDDDDDDDDD,980,965,200,4.9,4.825,1,False,3,1,2,195,2,0,1,1,1,0,194,2,0,0
39,2,10,0,First by Nydegger,"First by Feld: 1.0, 0.5, 200",CCCCCCCCCCCCCCCCCCCCCCCCCCCCCCCCCCCCCCCCCCCCCCCCCCCCCCCCCCCCCCCCCCCCCCCCCCCCCCCCCCCCCCCCCCCCCCCCCCCCCCCCCCCCCCCCCCCCCCCCCCCCCCCCCCCCCCCCCCCCCCCCCCCCCCCCCCCCCCCCCCCCCCCCCCCCCCCCCCCCCCCCCCCCCCCCCCCCCCCC,486,-190,200,2.43,-0.95,0,True,200,162,38,0,0,161,0,38,0,0,0,0,0,1
39,10,2,0,"First by Feld: 1.0, 0.5, 200",First by Nydegger,CCCCCCCCCCCCCCCCDCCCCCDCCCDCCCCCCCCCCCCCCCCCCCCCCCCCCCCCCCCCCCCCCCCCCDCCDDCCCCCCCCDCCCCCCCDCCCCDCCCCCCCDCDDDCCCCCCCCCCCCCCCCDCCDCCCCDDCDCCDCCCCCDCCCCCDCCCCCCCCCDCDCCDDCCDDCCDCDCCCDDCCCDCCCCCCCDDCDDDDC,676,190,200,3.38,0.95,1,True,162,162,0,38,0,134,27,0,0,27,11,0,0,0
40,2,11,0,First by Nydegger,First by Joss: 0.9,CCCCCCCCCCCCCCCCCCCCCCCCCCCCCCCCCCCCCCCCCCCCCCCCCCCCCCCCCCCCCCCCCCCCCCCCCCCCCCCCCCCCCCCCCCCCCCCCCCCCCCCCCCCCCCCCCCCCCCCCCCCCCCCCCCCCCCCCCCCCCCCCCCCCCCCCCCCCCCCCCCCCCCCCCCCCCCCCCCCCCCCCCCCCCCCCCCCCCCCC,516,-140,200,2.58,-0.7,0,True,200,172,28,0,0,171,0,28,0,0,0,0,0,1
40,11,2,0,First by Joss: 0.9,First by Nydegger,CCCCDCDDCCCCCCCCCCCDCCCDCCCCCCCCCCCCCCCCCCCCCCCDCCCCCCCDCCCCCCCCCCCCCCDCCDCCDCCDCCDCCCCCCCCCCCCDCCCCCCCCCCCDCCCDCCCCCCCCCCCCCCCCCCCCCDCDCCCCDDCCCCCCCDCCCCCCCCCCDCCCCDCCCCCCCCCDCCCDCDCCCCCCCCCCCDCDCDCC,656,140,200,3.28,0.7,1,True,172,172,0,28,0,145,26,0,0,26,2,0,0,0
41,2,12,0,First by Nydegger,First by Tullock,CCCCCCCCCCCCCCCCCCCCCCCCCCCCCCCCCCCCCCCCCCCCCCCCCCCCCCCCCCCCCCCCCCCCCCCCCCCCCCCCCCCCCCCCCCCCCCCCCCCCCCCCCCCCCCCCCCCCCCCCCCCCCCCCCCCCCCCCCCCCCCCCCCCCCCCCCCCCCCCCCCCCCCCCCCCCCCCCCCCCCCCCCCCCCCCCCCCCCCCC,549,-85,200,2.745,-0.425,0,True,200,183,17,0,0,182,0,17,0,0,0,0,0,1
41,12,2,0,First by Tullock,First by Nydegger,CCCCCCCCCCCCCCCDCCCCDCCCCCCCCCCCCCCDCCCCCCCCCCCCCCCCCCCCCCCDCCCCCCCCCCCCDCCCCCCCCCCCCCCDCCCCCCCCDDCCCCCCCCCCCCCCCCCCCCDCCCCCCDCCCCCCCCCCCDCDCCCCCDCCCCCCCCCDCCCCCCCCCCCCCCDCCCCCCCCCCCCCCCCCCCCDCCCDCCCC,634,85,200,3.17,0.425,1,True,183,183,0,17,0,166,16,0,0,16,1,0,0,0
42,2,13,0,First by Nydegger,First by Anonymous,CDDDDCCDCCDCDDCCCCCCCCCCCCCCCCCCCCCCCCCCCCCCCCCCCCCCCCCCCCCCCCCCCCCCCCCCCCCCCCCCCCCCCCCCCCCCCCCCCCCCCCCCCCCCCCCCCCCCCCCCCCCCCCCCCCCCCCCCCCCCCCCCCCCCCCCCCCCCCCCCCCCCCCCCCCCCCCCCCCCCCCCCCCCCCCCCCCCCCCCC,316,-455,200,1.58,-2.275,0,True,192,96,96,5,3,94,2,93,2,3,2,1,2,1
42,13,2,0,First by Anonymous,First by Nydegger,DDCCCCCCCDCCDDDCCDDCDDCCCCDCDDDCCCDCDDDDCCCCDDDDDDDDDCDCCDDCDDCCDCCCDDCDDCDDDDCDDCCDCCCDCCDCDDDDCCDCCDCCDDCCCCDDDCCCCCDDCDDDCCCCDCCDCCCDDDDDCDCCCCDCDCDDCDCDDDCCDDDCCDDDCDCCDCCCCCDCCDCCDDDDDCDCCCCDCDDD,771,455,200,3.855,2.275,1,False,101,96,5,96,3,50,46,5,0,45,50,1,2,0
43,2,14,0,First by Nydegger,Random: 0.5,CCCCCCCCCCCCCCCCCCCCCCCCCCCCCCCCCCCCCCCCCCCCCCCCCCCCCCCCCCCCCCCCCCCCCCCCCCCCCCCCCCCCCCCCCCCCCCCCCCCCCCCCCCCCCCCCCCCCCCCCCCCCCCCCCCCCCCCCCCCCCCCCCCCCCCCCCCCCCCCCCCCCCCCCCCCCCCCCCCCCCCCCCCCCCCCCCCCCCCCC,309,-485,200,1.545,-2.425,0,True,200,103,97,0,0,103,0,96,0,0,0,0,0,1
43,14,2,0,Random: 0.5,First by Nydegger,CCDCCCDCDDCDDDCCCCDCDCDDCDDDCDCDDDCDCCDDCCDDDDCCCDCDDDCCCCCCDDCCCDDDCCDCCDCCCCDDCDCDCDDDCDCCDCDCCCDDDDCDDDDDCCCCDDCDCCCCDDDDDCCDCCCCDDDDCCCDDDCCDCCDCCCCDDDDCCCCDCDDDCCCCDCDCDDCDCDDDDDDCCCCDCCCCDCDCDCD,794,485,200,3.97,2.425,1,True,103,103,0,97,0,54,49,0,0,48,48,0,0,0
44,2,15,0,First by Nydegger,"MyStrategy: [LinearRegression(), LinearRegression(), LinearRegression(), LinearRegression(), LinearRegression(), LinearRegression()], LogisticRegression(), 9",CCCCCCCCCCCCCCCCCCCCCCCCCCCCCCCCCCCCCCCCCCCCCCCCCCCCCCCCCCCCCCCCCCCCCCCCCCCCCCCCCCCCCCCCCCCCCCCCCCCCCCCCCCCCCCCCCCCCCCCCCCCCCCCCCCCCCCCCCCCCCCCCCCCCCCCCCCCCCCCCCCCCCCCCCCCCCCCCCCCCCCCCCCCCCCCCCCCCCCCC,507,-155,200,2.535,-0.775,0,True,200,169,31,0,0,169,0,30,0,0,0,0,0,1
44,15,2,0,"MyStrategy: [LinearRegression(), LinearRegression(), LinearRegression(), LinearRegression(), LinearRegression(), LinearRegression()], LogisticRegression(), 9",First by Nydegger,CCCCCCCCCDDDDDDDDDDCCCCCCCCCCCCCCCCCCCCCCCCCCCCCCCCCCCCCCCCCCCCCCCCCCCCCCCCCCCCCCCCCCCCCCCCCCCCCCCCCCCCCCCCCCCCCCCCCCCCCCCCCCCCCCCCCCCCCCCCCCCCCCCCCCCCCCCCCCCCCCCCCCCCCCCCCCCCCCCCDDDDDDDDDDDDDDDDDDDDD,662,155,200,3.31,0.775,1,True,169,169,0,31,0,167,2,0,0,1,29,0,0,0
45,3,3,0,First by Grofman,First by Grofman,CCCCCCCCCCCCCCCCCCCCCCCCCCCCCCCCCCCCCCCCCCCCCCCCCCCCCCCCCCCCCCCCCCCCCCCCCCCCCCCCCCCCCCCCCCCCCCCCCCCCCCCCCCCCCCCCCCCCCCCCCCCCCCCCCCCCCCCCCCCCCCCCCCCCCCCCCCCCCCCCCCCCCCCCCCCCCCCCCCCCCCCCCCCCCCCCCCCCCCCC,600,0,200,3.0,0.0,0,True,200,200,0,0,0,199,0,0,0,0,0,0,0,1
45,3,3,0,First by Grofman,First by Grofman,CCCCCCCCCCCCCCCCCCCCCCCCCCCCCCCCCCCCCCCCCCCCCCCCCCCCCCCCCCCCCCCCCCCCCCCCCCCCCCCCCCCCCCCCCCCCCCCCCCCCCCCCCCCCCCCCCCCCCCCCCCCCCCCCCCCCCCCCCCCCCCCCCCCCCCCCCCCCCCCCCCCCCCCCCCCCCCCCCCCCCCCCCCCCCCCCCCCCCCCC,600,0,200,3.0,0.0,0,True,200,200,0,0,0,199,0,0,0,0,0,0,0,1
46,3,4,0,First by Grofman,First by Shubik,CCCCCCCCCCCCCCCCCCCCCCCCCCCCCCCCCCCCCCCCCCCCCCCCCCCCCCCCCCCCCCCCCCCCCCCCCCCCCCCCCCCCCCCCCCCCCCCCCCCCCCCCCCCCCCCCCCCCCCCCCCCCCCCCCCCCCCCCCCCCCCCCCCCCCCCCCCCCCCCCCCCCCCCCCCCCCCCCCCCCCCCCCCCCCCCCCCCCCCCC,600,0,200,3.0,0.0,0,True,200,200,0,0,0,199,0,0,0,0,0,0,0,1
46,4,3,0,First by Shubik,First by Grofman,CCCCCCCCCCCCCCCCCCCCCCCCCCCCCCCCCCCCCCCCCCCCCCCCCCCCCCCCCCCCCCCCCCCCCCCCCCCCCCCCCCCCCCCCCCCCCCCCCCCCCCCCCCCCCCCCCCCCCCCCCCCCCCCCCCCCCCCCCCCCCCCCCCCCCCCCCCCCCCCCCCCCCCCCCCCCCCCCCCCCCCCCCCCCCCCCCCCCCCCC,600,0,200,3.0,0.0,0,True,200,200,0,0,0,199,0,0,0,0,0,0,0,1
47,3,5,0,First by Grofman,"First by Stein and Rapoport: 0.05: (D, D)",CCCCCCCCCCCCCCCCCCCCCCCCCCCCCCCCCCCCCCCCCCCCCCCCCCCCCCCCCCCCCCCCCCCCCCCCCCCCCCCCCCCCCCCCCCCCCCCCCCCCCCCCCCCCCCCCCCCCCCCCCCCCCCCCCCCCCCCCCCCCCCCCCCCCCCCCCCCCCCCCCCCCCCCCCCCCCCCCCCCCCCCCCCCCCCCCCCCCCCCD,595,-5,200,2.975,-0.025,0,True,199,198,1,0,1,198,0,0,1,0,0,0,0,1
47,5,3,0,"First by Stein and Rapoport: 0.05: (D, D)",First by Grofman,CCCCCCCCCCCCCCCCCCCCCCCCCCCCCCCCCCCCCCCCCCCCCCCCCCCCCCCCCCCCCCCCCCCCCCCCCCCCCCCCCCCCCCCCCCCCCCCCCCCCCCCCCCCCCCCCCCCCCCCCCCCCCCCCCCCCCCCCCCCCCCCCCCCCCCCCCCCCCCCCCCCCCCCCCCCCCCCCCCCCCCCCCCCCCCCCCCCCCCDD,600,5,200,3.0,0.025,1,True,198,198,0,1,1,197,1,0,0,0,1,0,0,0
48,3,6,0,First by Grofman,Grudger,CCCCCCCCCCCCCCCCCCCCCCCCCCCCCCCCCCCCCCCCCCCCCCCCCCCCCCCCCCCCCCCCCCCCCCCCCCCCCCCCCCCCCCCCCCCCCCCCCCCCCCCCCCCCCCCCCCCCCCCCCCCCCCCCCCCCCCCCCCCCCCCCCCCCCCCCCCCCCCCCCCCCCCCCCCCCCCCCCCCCCCCCCCCCCCCCCCCCCCCC,600,0,200,3.0,0.0,0,True,200,200,0,0,0,199,0,0,0,0,0,0,0,1
48,6,3,0,Grudger,First by Grofman,CCCCCCCCCCCCCCCCCCCCCCCCCCCCCCCCCCCCCCCCCCCCCCCCCCCCCCCCCCCCCCCCCCCCCCCCCCCCCCCCCCCCCCCCCCCCCCCCCCCCCCCCCCCCCCCCCCCCCCCCCCCCCCCCCCCCCCCCCCCCCCCCCCCCCCCCCCCCCCCCCCCCCCCCCCCCCCCCCCCCCCCCCCCCCCCCCCCCCCCC,600,0,200,3.0,0.0,0,True,200,200,0,0,0,199,0,0,0,0,0,0,0,1
49,3,7,0,First by Grofman,First by Davis: 10,CCCCCCCCCCCCCCCCCCCCCCCCCCCCCCCCCCCCCCCCCCCCCCCCCCCCCCCCCCCCCCCCCCCCCCCCCCCCCCCCCCCCCCCCCCCCCCCCCCCCCCCCCCCCCCCCCCCCCCCCCCCCCCCCCCCCCCCCCCCCCCCCCCCCCCCCCCCCCCCCCCCCCCCCCCCCCCCCCCCCCCCCCCCCCCCCCCCCCCCC,600,0,200,3.0,0.0,0,True,200,200,0,0,0,199,0,0,0,0,0,0,0,1
49,7,3,0,First by Davis: 10,First by Grofman,CCCCCCCCCCCCCCCCCCCCCCCCCCCCCCCCCCCCCCCCCCCCCCCCCCCCCCCCCCCCCCCCCCCCCCCCCCCCCCCCCCCCCCCCCCCCCCCCCCCCCCCCCCCCCCCCCCCCCCCCCCCCCCCCCCCCCCCCCCCCCCCCCCCCCCCCCCCCCCCCCCCCCCCCCCCCCCCCCCCCCCCCCCCCCCCCCCCCCCCC,600,0,200,3.0,0.0,0,True,200,200,0,0,0,199,0,0,0,0,0,0,0,1
50,3,8,0,First by Grofman,First by Graaskamp: 0.05,CCCCCCCCCCCCCCCCCCCCCCCCCCCCCCCCCCCCCCCCCCCCCCCCCCCCCCCCCCCCCCCCDCCCCCCDCCCCCCCCDDCCCCCCCCCCCDDDDCCCCCCCDDDDDCCCCCCCCCCCCCCCCCCDDCCCCCCDDCCCCCDDDCCCCCCCCDDDDDCCCCCDCCCCCCCCCCCCCDDDDDDDDDCCCDCCCCCCCCCC,630,110,200,3.15,0.55,1,True,164,150,14,36,0,149,0,2,12,12,24,0,0,0
50,8,3,0,First by Graaskamp: 0.05,First by Grofman,CCCCCCCCCCCCCCCCCCCCCCCCCCCCCCCCCCCCCCCCCCCCCCCCCCDCCCCCCCCCCCCDCCCCCCDCCCCCCCCDCCCCCCCCCCCCDCCCCCCCCCCDCCCCCCCCCCDCCCCCCCCCCCDCCCCCCCDCCCCCCDCCCCCCCCCCDCCCCCCCCCDCCCCCCCCCCCCCDCCCCCCCCCCCDCCCCCCCCCCC,520,-110,200,2.6,-0.55,0,True,186,150,36,14,0,135,14,36,0,14,0,0,0,1
51,3,9,0,First by Grofman,First by Downing,CDCCDCCCDDCCCDCCCCDCDCDCDCDCDCDCCDCDCDCCDCDCDCCDCDCCDCCCCDCDCCDCDCDCDCCDCDCDCCDCDCCCCDCCCDCDCDCDCCCDCDCCDCDCDCDCDCDCDCDCDCCDCDCDCCDCCDCDCDCCCDCDCDCDCDCDCDCCDCCDCDCDCDCDCCDCDCDCDCDCDCCCDCDCDCCDCDCCCDCC,97,-575,200,0.485,-2.875,0,True,120,3,117,2,78,3,0,37,79,1,1,78,0,1
51,9,3,0,First by Downing,First by Grofman,DDCDCDCDCDCDDDDDDDDDDDDDDDDDDDDDDDDDDDDDDDDDDDDDDDDDDDDDDDDDDDDDDDDDDDDDDDDDDDDDDDDDDDDDDDDDDDDDDDDDDDDDDDDDDDDDDDDDDDDDDDDDDDDDDDDDDDDDDDDDDDDDDDDDDDDDDDDDDDDDDDDDDDDDDDDDDDDDDDDDDDDDDDDDDDDDDDDDDDDD,672,575,200,3.36,2.875,1,False,5,3,2,117,78,0,3,0,2,3,113,2,76,0
52,3,10,0,First by Grofman,"First by Feld: 1.0, 0.5, 200",CCCCCCCCCCCCCCCCCCCCCCCCCCCCCCCDDCCCCCDDCCCCDDCDDCDDCDDCDDCDDCDDCDCDDCCCCCCCCCCCCDCCDDCDDCDCDCDCDDCDDCDCDCDCDDCCCCDCDCDCDDCDCDDCCCCCCCCCCCCCCCCCDDCDDCCCCDCDCDDCDCDCDDCDCCDCCDCCDCDCCCDCDDCDCCDCDCCCCDCC,378,-185,200,1.89,-0.925,0,True,130,64,66,29,41,64,0,17,48,7,22,41,0,1
52,10,3,0,"First by Feld: 1.0, 0.5, 200",First by Grofman,CCCCCCCCCCCCCCCCCCCCCCCCCCCCCCDCDDCCCDCDDCCDCDDCDDCDDCDDCDDCDDCDDCDCDDCCCCCCDCCCDCDDCDDCDDCDDDDDCDDCDDDDCDDDCDDCCDDDDDCDCDDDDCDDCCCDCCCCCCCCCCCDCDDCDDCCDDDDDCDDDDDDCDDDDDCDDCDDDDDDDDDDCDDDDDDDDDCCDDDD,563,185,200,2.815,0.925,1,True,93,64,29,66,41,54,10,0,29,38,27,0,41,0
53,3,11,0,First by Grofman,First by Joss: 0.9,CCCCDDCCCCCCDDCDDCCCDCCDCDDCDDCDDCDDCDCDDCDDCDDCDDCCCCCCCCCCCCDCCCDCDCDDCCCCCCCCCCCCCCCCCCCCCCCCCCCCCCCCCCCCDCCCCCDDCDDCCCCCDDCCCCCCCCCCCCCCCCCCCCCCCCCCCCCDDCCCCDDCDDCDCDDCDDCDCDCDDCDDCCCCCCCDDCDDCCCC,453,-105,200,2.265,-0.525,0,True,142,89,53,32,26,88,0,19,34,8,24,26,0,1
53,11,3,0,First by Joss: 0.9,First by Grofman,CCCDCDDCCCCDCDDCDDCDCDDCDCDDCDDCDDCDDCDCDDCDDCDDCDDCCCCCCDCCCDCDDDDDCDCDDCCCCCCCCDCCCCCCDCDCDCCCCCCCCCCCCCCDCDCCCDCDDCDDCCCDCDDCCCCDCCCCCCCCCCCCCCCCCCCCCCDCDDCCDCDDCDDCDCDDCDDCDDDCDDCDDCCCCCDCDDCDDCCC,558,105,200,2.79,0.525,1,True,121,89,32,53,26,72,16,0,32,48,5,0,26,0
54,3,12,0,First by Grofman,First by Tullock,CCCCCCCCCCCCDDDCCCCCCCCDCCCCCCCCCCCCCCCCCCCCCCCCCCCCCCCCCCCCCCCCCCCCCCCCCCCCCCCCCCCDCCCCCCCCCCCCCDCCCCCCCDDCDCCCCCDDDCCCCCCCCCDDDCCCCCCCCCCCDDDDDCCDCDCCCCCCDCCCCDDCCCDDCCCCDCDCDDCCCCCCCCCCCCCCCCCCCCCC,539,-35,200,2.695,-0.175,0,True,169,140,29,22,9,139,0,12,17,8,14,9,0,1
54,12,3,0,First by Tullock,First by Grofman,CCCCCCCCCCCDCCCCCCCCDCDCCCCCCCCCDCCCCCCCCCCCCCCCCCCCCCCCCCCCCCCCCDCCCCCCCCCCCCCCCCDCCCDCCCCCCCCCDCCCDCCCDCCDCCCCCDCCDCCCCCCCDDCCDCCCCCCCCDCDCCCCDCDDDDDDDDCDDCCCDCDCCDCDCCDDCDDDCCCCCCCCCCCCCCCCCCCCCCCC,574,35,200,2.87,0.175,1,True,162,140,22,29,9,120,19,15,7,20,9,6,3,0
55,3,13,0,First by Grofman,First by Anonymous,CDCCCDCCDCCCCCCCCDDCDCDDCDCCCCCCCCDCCDDCDDCDCCCDDCCCCCCCDDCCCCDCCDCDDDDCCDCCCDDDDCCCCCDDDDCCCCCCDDDCCCDCDDCDCCDCCDCCCCDCDCCCCCDCDCDDCDDCDCDCCCCDCCCCDDCDDDDDCCDCCDCCCCCDCDCCCCCCCCDDDCCCCCDDCCCDCCCCCCCC,412,-135,200,2.06,-0.675,0,True,129,67,62,35,36,67,0,18,43,7,28,36,0,1
55,13,3,0,First by Anonymous,First by Grofman,DCCCDCDDDCCCCCCCDCDDDDCDDDCDCCCDCDDCDCDDCDDDCDDCDCCCCCCDCDCDCDCCDDDCCCDCDDDCDCCCDDDCDDCCCCCCCDCDCCDCCDDDCDDDCDDCDDCDCDDDDDCDCDDDCDCDDCDDDDDCCCDDCCCDCDDCCCCDDDDCDDCCCDDCDDCDCCCCCDCCCCCCCDCDCCDDCCCDCCDD,547,135,200,2.735,0.675,1,False,102,67,35,62,36,34,33,17,18,33,28,18,18,0
56,3,14,0,First by Grofman,Random: 0.5,CCCCCDCCCDCCDCCDCCCCDCDCCCCCDCCCCCCDDCCDDCCCCCCDCCDCDDCCCCCCCCCCDDDCDCDCCCCCCCDCCDDCCCCDCDCCCDDCDCCCCCCDCDCCCDCCDCCCCDCDDCCDCCCCDCDCDCDDCCCCCDCCCCCCDCCCDCCDCCCCCCCCDDCDDDCDDCCCDDCCDCDCDDCDDCCCCDDDCCDD,401,-170,200,2.005,-0.85,0,True,135,68,67,33,32,68,0,21,46,14,19,31,0,1
56,14,3,0,Random: 0.5,First by Grofman,DCCCDDCDDDCDDCDDDDDDDDDCCCCDDCCDDCDCCCDCCCCCDCDDCDDDCCCCCCCDCCCDCCCDDDDCCCCCCDDDDCDDCCDCDDCCDCDDDCCDCDDDDDDCDDCDDCCCDCDCDCDDCDCDCDDDDDCCCCCCDDDCCCDDDCCDCDDDCCCCCCDDCCDCCCDCDCCDCCCDDDCDCDDCCDCDDCCDCDCD,571,170,200,2.855,0.85,1,False,101,68,33,67,32,36,32,17,16,31,36,17,14,0
57,3,15,0,First by Grofman,"MyStrategy: [LinearRegression(), LinearRegression(), LinearRegression(), LinearRegression(), LinearRegression(), LinearRegression()], LogisticRegression(), 9",CCCCCCCCCCDCDCDCDCCDDDCCCCCCCCCCCCCCCCCCCCCCCCCCCCCCCCCCCCCCCCCCCCCCCCCCCCCCCCCCCCCCCCCCCCCCCCCCCCCCCCCCCCCCCCCCCCCCCCCCCCCCCCCCCCCCCCCCCCCCCCCCCCCCCCCCCCCCCCCCCCCCCCCCCCCCCCCCCCCCDCDCCDCDCDCCDCDCDCCD,526,-75,200,2.63,-0.375,0,True,184,166,18,3,13,166,0,4,14,1,2,12,0,1
57,15,3,0,"MyStrategy: [LinearRegression(), LinearRegression(), LinearRegression(), LinearRegression(), LinearRegression(), LinearRegression()], LogisticRegression(), 9",First by Grofman,CCCCCCCCCDDDDDDDDDDCCCCCCCCCCCCCCCCCCCCCCCCCCCCCCCCCCCCCCCCCCCCCCCCCCCCCCCCCCCCCCCCCCCCCCCCCCCCCCCCCCCCCCCCCCCCCCCCCCCCCCCCCCCCCCCCCCCCCCCCCCCCCCCCCCCCCCCCCCCCCCCCCCCCCCCCCCCCCCCCDDDDDDDDDDDDDDDDDDDDD,601,75,200,3.005,0.375,1,True,169,166,3,18,13,164,2,3,0,1,17,0,12,0
58,4,4,0,First by Shubik,First by Shubik,CCCCCCCCCCCCCCCCCCCCCCCCCCCCCCCCCCCCCCCCCCCCCCCCCCCCCCCCCCCCCCCCCCCCCCCCCCCCCCCCCCCCCCCCCCCCCCCCCCCCCCCCCCCCCCCCCCCCCCCCCCCCCCCCCCCCCCCCCCCCCCCCCCCCCCCCCCCCCCCCCCCCCCCCCCCCCCCCCCCCCCCCCCCCCCCCCCCCCCCC,600,0,200,3.0,0.0,0,True,200,200,0,0,0,199,0,0,0,0,0,0,0,1
58,4,4,0,First by Shubik,First by Shubik,CCCCCCCCCCCCCCCCCCCCCCCCCCCCCCCCCCCCCCCCCCCCCCCCCCCCCCCCCCCCCCCCCCCCCCCCCCCCCCCCCCCCCCCCCCCCCCCCCCCCCCCCCCCCCCCCCCCCCCCCCCCCCCCCCCCCCCCCCCCCCCCCCCCCCCCCCCCCCCCCCCCCCCCCCCCCCCCCCCCCCCCCCCCCCCCCCCCCCCCC,600,0,200,3.0,0.0,0,True,200,200,0,0,0,199,0,0,0,0,0,0,0,1
59,4,5,0,First by Shubik,"First by Stein and Rapoport: 0.05: (D, D)",CCCCCCCCCCCCCCCCCCCCCCCCCCCCCCCCCCCCCCCCCCCCCCCCCCCCCCCCCCCCCCCCCCCCCCCCCCCCCCCCCCCCCCCCCCCCCCCCCCCCCCCCCCCCCCCCCCCCCCCCCCCCCCCCCCCCCCCCCCCCCCCCCCCCCCCCCCCCCCCCCCCCCCCCCCCCCCCCCCCCCCCCCCCCCCCCCCCCCCCD,595,-5,200,2.975,-0.025,0,True,199,198,1,0,1,198,0,0,1,0,0,0,0,1
59,5,4,0,"First by Stein and Rapoport: 0.05: (D, D)",First by Shubik,CCCCCCCCCCCCCCCCCCCCCCCCCCCCCCCCCCCCCCCCCCCCCCCCCCCCCCCCCCCCCCCCCCCCCCCCCCCCCCCCCCCCCCCCCCCCCCCCCCCCCCCCCCCCCCCCCCCCCCCCCCCCCCCCCCCCCCCCCCCCCCCCCCCCCCCCCCCCCCCCCCCCCCCCCCCCCCCCCCCCCCCCCCCCCCCCCCCCCCDD,600,5,200,3.0,0.025,1,True,198,198,0,1,1,197,1,0,0,0,1,0,0,0
60,4,6,0,First by Shubik,Grudger,CCCCCCCCCCCCCCCCCCCCCCCCCCCCCCCCCCCCCCCCCCCCCCCCCCCCCCCCCCCCCCCCCCCCCCCCCCCCCCCCCCCCCCCCCCCCCCCCCCCCCCCCCCCCCCCCCCCCCCCCCCCCCCCCCCCCCCCCCCCCCCCCCCCCCCCCCCCCCCCCCCCCCCCCCCCCCCCCCCCCCCCCCCCCCCCCCCCCCCCC,600,0,200,3.0,0.0,0,True,200,200,0,0,0,199,0,0,0,0,0,0,0,1
60,6,4,0,Grudger,First by Shubik,CCCCCCCCCCCCCCCCCCCCCCCCCCCCCCCCCCCCCCCCCCCCCCCCCCCCCCCCCCCCCCCCCCCCCCCCCCCCCCCCCCCCCCCCCCCCCCCCCCCCCCCCCCCCCCCCCCCCCCCCCCCCCCCCCCCCCCCCCCCCCCCCCCCCCCCCCCCCCCCCCCCCCCCCCCCCCCCCCCCCCCCCCCCCCCCCCCCCCCCC,600,0,200,3.0,0.0,0,True,200,200,0,0,0,199,0,0,0,0,0,0,0,1
61,4,7,0,First by Shubik,First by Davis: 10,CCCCCCCCCCCCCCCCCCCCCCCCCCCCCCCCCCCCCCCCCCCCCCCCCCCCCCCCCCCCCCCCCCCCCCCCCCCCCCCCCCCCCCCCCCCCCCCCCCCCCCCCCCCCCCCCCCCCCCCCCCCCCCCCCCCCCCCCCCCCCCCCCCCCCCCCCCCCCCCCCCCCCCCCCCCCCCCCCCCCCCCCCCCCCCCCCCCCCCCC,600,0,200,3.0,0.0,0,True,200,200,0,0,0,199,0,0,0,0,0,0,0,1
61,7,4,0,First by Davis: 10,First by Shubik,CCCCCCCCCCCCCCCCCCCCCCCCCCCCCCCCCCCCCCCCCCCCCCCCCCCCCCCCCCCCCCCCCCCCCCCCCCCCCCCCCCCCCCCCCCCCCCCCCCCCCCCCCCCCCCCCCCCCCCCCCCCCCCCCCCCCCCCCCCCCCCCCCCCCCCCCCCCCCCCCCCCCCCCCCCCCCCCCCCCCCCCCCCCCCCCCCCCCCCCC,600,0,200,3.0,0.0,0,True,200,200,0,0,0,199,0,0,0,0,0,0,0,1
62,4,8,0,First by Shubik,First by Graaskamp: 0.05,CCCCCCCCCCCCCCCCCCCCCCCCCCCCCCCCCCCCCCCCCCCCCCCCCCCDCDDCDDDCCCCCCCCCCCCDDDDCCCCDDDDDCCCCDDDDDDCCCCCDDDDDDDCDDDDDDDDCCCCCCDDDDDDDDDCCCDDDDDDDDDDCCDDDDDDDDDDDCDDDDDDDDDDDDCDDDDDDDDDDDDDCDDDDDDDDDDDDDDCD,595,240,200,2.975,1.2,1,True,94,79,15,63,43,79,0,0,15,9,54,5,37,0
62,8,4,0,First by Graaskamp: 0.05,First by Shubik,CCCCCCCCCCCCCCCCCCCCCCCCCCCCCCCCCCCCCCCCCCCCCCCCCCDCDCDDCCCCCCCCCCCCCCDCCCCCCCDCCCCCCCCDCCCCCDCCCCDCCCCCCCDCCCCCCCCCCCCCDCCCCCCCCCCCDCCCCCCCCCCCDCCCCCCDCCCCDDDDDDDDDDDDDDDDDDDDDDDDDDDDDDDDDDDDDDDDDDDD,355,-240,200,1.775,-1.2,0,True,142,79,63,15,43,71,8,57,6,11,4,2,40,1
63,4,9,0,First by Shubik,First by Downing,CDCCDDCCDDDCDDDDCDDDDDCDDDDDDCCDDDDDDDCCDDDDDDDDCCDDDDDDDDDCDDDDDDDDDDCDDDDDDDDDDDCDDDDDDDDDDDDCDDDDDDDDDDDDDCDDDDDDDDDDDDDDCDDDDDDDDDDDDDDDCDDDDDDDDDDDDDDDDCCDDDDDDDDDDDDDDDDDCDDDDDDDDDDDDDDDDDDCDDDD,257,-15,200,1.285,-0.075,0,True,25,6,19,16,159,6,0,0,19,3,13,15,143,1
63,9,4,0,First by Downing,First by Shubik,DDCDCDCDDDCDCDCDDDDDDDDDDDDDDCDCDDDDDDCDCDDDDDDDCDCDDDDDDDCDCCDDDDDDDDDDDDDDDDDCDDDDDDDDDDDDDDDDDDDDDDDDDDDDDDDDDDDDDDDDDDDCDCCDDDDDDDDDDDDDDDDDDDDDDDDDDDDDDCDCDDDDDCDDDDDDDDDDDDDDDDDDDDDDDDDDDDDDDDDD,272,15,200,1.36,0.075,1,False,22,6,16,19,159,0,6,2,14,8,11,12,146,0
64,4,10,0,First by Shubik,"First by Feld: 1.0, 0.5, 200",CCCCCCCCCCCCCCCCCCDCDDCDDDCDDDDCDDDDDCDDDDDDCDDDDDDDCDDDDDDDDCDDDDDDDDDCDDDDDDDDDDCDDDDDDDDDDDCDDDDDDDDDDDDCDDDDDDDDDDDDDCDDDDDDDDDDDDDDCDDDDDDDDDDDDDDDCDDDDDDDDDDDDDDDDCDDDDDDDDDDDDDDDDDCDDDDDDDDDDDD,276,-15,200,1.38,-0.075,0,True,35,17,18,15,150,17,0,0,18,1,14,16,133,1
64,10,4,0,"First by Feld: 1.0, 0.5, 200",First by Shubik,CCCCCCCCCCCCCCCCCDCDCDDCDDDCDDDDCDDDDDCDDDDDDCDDDDDDDCDDDDDDDDCDDDDDDDDDCDDDDDDDDDDCDDDDDDDDDDDCDDDDDDDDDDDDCDDDDDDDDDDDDDCDDDDDDDDDDDDDDDDDDDDDDDDDDDDDDCDDDDDDDDDDDDDDDDDDDDDDDDDDDDDDDDDDDDDDDDDDDDDD,291,15,200,1.455,0.075,1,True,32,17,15,18,150,16,1,0,15,15,3,0,149,0
65,4,11,0,First by Shubik,First by Joss: 0.9,CCCCCCDCDDCDDDCDDDDCDDDDDCDDDDDDCDDDDDDDCDDDDDDDDCDDDDDDDDDCDDDDDDDDDDCDDDDDDDDDDDCDDDDDDDDDDDDCDDDDDDDDDDDDDCDDDDDDDDDDDDDDCDDDDDDDDDDDDDDDCDDDDDDDDDDDDDDDDCDDDDDDDDDDDDDDDDDCDDDDDDDDDDDDDDDDDDCDDDDD,255,-15,200,1.275,-0.075,0,True,24,5,19,16,160,5,0,0,19,1,15,17,142,1
65,11,4,0,First by Joss: 0.9,First by Shubik,CCCCCDCDDDDCDDDCDDDDCDDDDDCDDDDDDCDDDDDDDCDDDDDDDDDDDDDDDDDDCDDDDDDDDDDDDDDDDDDDDDDCDDDDDDDDDDDDCDDDDDDDDDDDDDCDDDDDDDDDDDDDDCDDDDDDDDDDDDDDDCDDDDDDDDDDDDDDDDCDDDDDDDDDDDDDDDDDCDDDDDDDDDDDDDDDDDDCDDDD,270,15,200,1.35,0.075,1,True,21,5,16,19,160,4,1,0,16,16,3,0,159,0
66,4,12,0,First by Shubik,First by Tullock,CCCCCCCCCCCCCDCCCCCCDDCDDDCDDDDCDDDDDCDDDDDDCDDDDDDDCDDDDDDDDCDDDDDDDDDCDDDDDDDDDDCDDDDDDDDDDDCDDDDDDDDDDDDCDDDDDDDDDDDDDCDDDDDDDDDDDDDDCDDDDDDDDDDDDDDDCDDDDDDDDDDDDDDDDCDDDDDDDDDDDDDDDDDCDDDDDDDDDDDD,232,-70,200,1.16,-0.35,0,True,35,17,18,4,161,17,0,0,18,2,2,15,145,1
66,12,4,0,First by Tullock,First by Shubik,CCCCCCCCCCCCDCCCCCCDCDDDDCDDDDDDDDDDDDCDDDDDDDDDDDDDDDDDDDDDDDDDDDDDDDDDDDDDDDDDDDDDDDDDDDDDDDDDDDDDDDDDDDDDDDDDDDDDDDDDDDDDDDDDDDDDDDDDDDDDDDDDDDDDDDDDDDDDDDDDDDDDDDDDDDDDDDDDDDDDDDDDDDDDDDDDDDDDDDDD,302,70,200,1.51,0.35,1,True,21,17,4,18,161,15,2,1,3,3,15,1,159,0
67,4,13,0,First by Shubik,First by Anonymous,CCCCCDCDDCDDDCDDDDCCDDDDDCCCCDDDDDDCDDDDDDDCCDDDDDDDDCCDDDDDDDDDCDDDDDDDDDDCCDDDDDDDDDDDCDDDDDDDDDDDDCDDDDDDDDDDDDDCCDDDDDDDDDDDDDDCDDDDDDDDDDDDDDDCDDDDDDDDDDDDDDDDCCDDDDDDDDDDDDDDDDDCCDDDDDDDDDDDDDDD,530,310,200,2.65,1.55,1,True,32,14,18,80,88,14,0,0,18,10,70,7,80,0
67,13,4,0,First by Anonymous,First by Shubik,CCCCDCDCCDDDCDCCCDCDCDCDDCCCDCCDDCCDCDDDDCCCDDCDDDCCCCDCDDDCCDDCDDCDCDCCCCCCDCDCDDCDCCDCDCDCCCDCDDDDCDCDDCDDDDDDCCDCDDDDDDCCDCCCDCDDCCCDDDDDDCDCCCDDDCDCCDDDDCCDCCDDCDDDCCDDDDCDDDDDDCDCDCCDCCCDDCCDCCDD,220,-310,200,1.1,-1.55,0,True,94,14,80,18,88,5,9,36,44,12,6,40,47,1
68,4,14,0,First by Shubik,Random: 0.5,CCDCDDCCDDDCCCCDDDDCDDDDDCDDDDDDCCDDDDDDDCDDDDDDDDCDDDDDDDDDCDDDDDDDDDDCCDDDDDDDDDDDCCCCCDDDDDDDDDDDDCCCDDDDDDDDDDDDDCDDDDDDDDDDDDDDCDDDDDDDDDDDDDDDCDDDDDDDDDDDDDDDDCCDDDDDDDDDDDDDDDDDCCCCDDDDDDDDDDDD,576,360,200,2.88,1.8,1,True,35,17,18,90,75,17,0,0,18,12,77,5,70,0
68,14,4,0,Random: 0.5,First by Shubik,CDCDDCCDDCCCCCDCDDCDDCDCDDCDCCDDCDCCDDDDCDDCCCCCCCDCCCDDCDCDDCCDDDDDDDDCDDCCDCDCDCCDCCCCDCCDCCCCDDDDCCCDDDCCCCCDDCCDCDDCDDDCCDDCDCCCDCCDCCDDDCDDCCDCDCDCCDCCCCCCDDDCCCDCDDCCDCCCCDCDDCCCCCCDDDDCCDCDDDDC,216,-360,200,1.08,-1.8,0,True,107,17,90,18,75,8,9,48,41,10,8,40,35,1
69,4,15,0,First by Shubik,"MyStrategy: [LinearRegression(), LinearRegression(), LinearRegression(), LinearRegression(), LinearRegression(), LinearRegression()], LogisticRegression(), 9",CCCCCCCCCCDCDDCDDDCDDDDCCCCCCCCCCCCCCCCCCCCCCCCCCCCCCCCCCCCCCCCCCCCCCCCCCCCCCCCCCCCCCCCCCCCCCCCCCCCCCCCCCCCCCCCCCCCCCCCCCCCCCCCCCCCCCCCCCCCCCCCCCCCCCCCCCCCCCCCCCCCCCCCCCCCCCCCCCCCCDDDDDCDDDDDDCDDDDDDD,539,-15,200,2.695,-0.075,0,True,172,165,7,4,24,165,0,0,7,1,3,5,18,1
69,15,4,0,"MyStrategy: [LinearRegression(), LinearRegression(), LinearRegression(), LinearRegression(), LinearRegression(), LinearRegression()], LogisticRegression(), 9",First by Shubik,CCCCCCCCCDDDDDDDDDDCCCCCCCCCCCCCCCCCCCCCCCCCCCCCCCCCCCCCCCCCCCCCCCCCCCCCCCCCCCCCCCCCCCCCCCCCCCCCCCCCCCCCCCCCCCCCCCCCCCCCCCCCCCCCCCCCCCCCCCCCCCCCCCCCCCCCCCCCCCCCCCCCCCCCCCCCCCCCCCCDDDDDDDDDDDDDDDDDDDDD,554,15,200,2.77,0.075,1,True,169,165,4,7,24,163,2,4,0,1,6,0,23,0
70,5,5,0,"First by Stein and Rapoport: 0.05: (D, D)","First by Stein and Rapoport: 0.05: (D, D)",CCCCCCCCCCCCCCCCCCCCCCCCCCCCCCCCCCCCCCCCCCCCCCCCCCCCCCCCCCCCCCCCCCCCCCCCCCCCCCCCCCCCCCCCCCCCCCCCCCCCCCCCCCCCCCCCCCCCCCCCCCCCCCCCCCCCCCCCCCCCCCCCCCCCCCCCCCCCCCCCCCCCCCCCCCCCCCCCCCCCCCCCCCCCCCCCCCCCCCDD,596,0,200,2.98,0.0,0,True,198,198,0,0,2,197,1,0,0,0,0,0,1,1
70,5,5,0,"First by Stein and Rapoport: 0.05: (D, D)","First by Stein and Rapoport: 0.05: (D, D)",CCCCCCCCCCCCCCCCCCCCCCCCCCCCCCCCCCCCCCCCCCCCCCCCCCCCCCCCCCCCCCCCCCCCCCCCCCCCCCCCCCCCCCCCCCCCCCCCCCCCCCCCCCCCCCCCCCCCCCCCCCCCCCCCCCCCCCCCCCCCCCCCCCCCCCCCCCCCCCCCCCCCCCCCCCCCCCCCCCCCCCCCCCCCCCCCCCCCCCDD,596,0,200,2.98,0.0,0,True,198,198,0,0,2,197,1,0,0,0,0,0,1,1
71,5,6,0,"First by Stein and Rapoport: 0.05: (D, D)",Grudger,CCCCCCCCCCCCCCCCCCCCCCCCCCCCCCCCCCCCCCCCCCCCCCCCCCCCCCCCCCCCCCCCCCCCCCCCCCCCCCCCCCCCCCCCCCCCCCCCCCCCCCCCCCCCCCCCCCCCCCCCCCCCCCCCCCCCCCCCCCCCCCCCCCCCCCCCCCCCCCCCCCCCCCCCCCCCCCCCCCCCCCCCCCCCCCCCCCCCCCDD,600,5,200,3.0,0.025,1,True,198,198,0,1,1,197,1,0,0,0,1,0,0,0
71,6,5,0,Grudger,"First by Stein and Rapoport: 0.05: (D, D)",CCCCCCCCCCCCCCCCCCCCCCCCCCCCCCCCCCCCCCCCCCCCCCCCCCCCCCCCCCCCCCCCCCCCCCCCCCCCCCCCCCCCCCCCCCCCCCCCCCCCCCCCCCCCCCCCCCCCCCCCCCCCCCCCCCCCCCCCCCCCCCCCCCCCCCCCCCCCCCCCCCCCCCCCCCCCCCCCCCCCCCCCCCCCCCCCCCCCCCCD,595,-5,200,2.975,-0.025,0,True,199,198,1,0,1,198,0,0,1,0,0,0,0,1
72,5,7,0,"First by Stein and Rapoport: 0.05: (D, D)",First by Davis: 10,CCCCCCCCCCCCCCCCCCCCCCCCCCCCCCCCCCCCCCCCCCCCCCCCCCCCCCCCCCCCCCCCCCCCCCCCCCCCCCCCCCCCCCCCCCCCCCCCCCCCCCCCCCCCCCCCCCCCCCCCCCCCCCCCCCCCCCCCCCCCCCCCCCCCCCCCCCCCCCCCCCCCCCCCCCCCCCCCCCCCCCCCCCCCCCCCCCCCCCDD,600,5,200,3.0,0.025,1,True,198,198,0,1,1,197,1,0,0,0,1,0,0,0
72,7,5,0,First by Davis: 10,"First by Stein and Rapoport: 0.05: (D, D)",CCCCCCCCCCCCCCCCCCCCCCCCCCCCCCCCCCCCCCCCCCCCCCCCCCCCCCCCCCCCCCCCCCCCCCCCCCCCCCCCCCCCCCCCCCCCCCCCCCCCCCCCCCCCCCCCCCCCCCCCCCCCCCCCCCCCCCCCCCCCCCCCCCCCCCCCCCCCCCCCCCCCCCCCCCCCCCCCCCCCCCCCCCCCCCCCCCCCCCCD,595,-5,200,2.975,-0.025,0,True,199,198,1,0,1,198,0,0,1,0,0,0,0,1
73,5,8,0,"First by Stein and Rapoport: 0.05: (D, D)",First by Graaskamp: 0.05,CCCCCCCCCCCCCCCCCCCCCCCCCCCCCCCCCCCCCCCCCCCCCCCCCCCDCDCDCDCDCDCDCDCDCDCDCDCDCDCDCDCDCDCDCDCDCDCDCDCDCDCDCDCDCDCDCDCDCDCDCDCDCDCDCDCDCDCDCDCDCDCDCDCDCDCDCDCDCDCDCDCDCDCDCDCDCDCDCDCDCDCDCDCDCDCDCDCDCDDD,526,5,200,2.63,0.025,1,True,124,50,74,75,1,50,0,0,74,73,1,0,1,0
73,8,5,0,First by Graaskamp: 0.05,"First by Stein and Rapoport: 0.05: (D, D)",CCCCCCCCCCCCCCCCCCCCCCCCCCCCCCCCCCCCCCCCCCCCCCCCCCDCDCDCDCDCDCDCDCDCDCDCDCDCDCDCDCDCDCDCDCDCDCDCDCDCDCDCDCDCDCDCDCDCDCDCDCDCDCDCDCDCDCDCDCDCDCDCDCDCDCDCDCDCDCDCDCDCDCDCDCDCDCDCDCDCDCDCDCDCDCDCDCDCDCDC,521,-5,200,2.605,-0.025,0,True,125,50,75,74,1,49,1,0,74,74,0,1,0,1
74,5,9,0,"First by Stein and Rapoport: 0.05: (D, D)",First by Downing,CCCCDDCDCDCCCCDDDDDDDDDDDDDDDDDDDDDDDDDDDDDDDDDDDDDDDDDDDDDDCDCCCCCCCCCCCCDDDDDDDDDDDDDDDDDDDDDDDDDDDDDDDDDDDDDDDDDDDDDDDDDDDDDDDDDDDDDDDDDDDDDDDDDDDDDCDCCCCCCCCCCCDDDDDDDDDDDDDDDDDDDDDDDDDDDDDDDDDDDD,505,285,200,2.525,1.425,1,True,35,28,7,64,101,25,3,2,5,7,57,0,100,0
74,9,5,0,First by Downing,"First by Stein and Rapoport: 0.05: (D, D)",DDCDDCDCDCCCCCCCDCDCDDCDDCDDCDDCDDDDCDDDDCDDDDDDDCDDDDDDDDDCDCCCCCCCCCCCCCCCCCCCCCCCCCCCCCCCCDDCDDDDDCDDDDDDDCDDDDDDDDDCDDDDDDDDDDDDDCDDDDDDDDDDDDDDDDCDCCCCCCCCCCCCCCCCCCCCCCCCCCCCCCCCCDDDDDDDDDDDDCDD,220,-285,200,1.1,-1.425,0,False,92,28,64,7,101,27,1,42,22,5,2,18,82,1
75,5,10,0,"First by Stein and Rapoport: 0.05: (D, D)","First by Feld: 1.0, 0.5, 200",CCCCCCCCCCCCCCCCCCCCCCCCCDCDCDCDDDDDDDDDDDDDDDDDDDDDDDDDDDDDDDDDDDDDDDDDDDDDDDDDDDDDDDDDDDDDDDDDDDDDDDDDDDDDDDDDDDDDDDDDDDDDDDDDDDDDDDDDDDDDDDDDDDDDDDDDDDDDDDDDDDDDDDDDDDDDDDDDDDDDDDDDDDDDDDDDDDDDDDDD,256,-5,200,1.28,-0.025,0,True,28,24,4,3,169,24,0,0,4,3,0,0,168,1
75,10,5,0,"First by Feld: 1.0, 0.5, 200","First by Stein and Rapoport: 0.05: (D, D)",CCCCCCCCCCCCCCCCCCCCCCCCDCDCDCDDDDDDDDDDDDDDDDDDDDDDDDDDDDDDDDDDDDDDDDDDDDDDDDDDDDDDDDDDDDDDDDDDDDDDDDDDDDDDDDDDDDDDDDDDDDDDDDDDDDDDDDDDDDDDDDDDDDDDDDDDDDDDDDDDDDDDDDDDDDDDDDDDDDDDDDDDDDDDDDDDDDDDDDDD,261,5,200,1.305,0.025,1,True,27,24,3,4,169,23,1,0,3,3,1,0,168,0
76,5,11,0,"First by Stein and Rapoport: 0.05: (D, D)",First by Joss: 0.9,CCCCCCCCCCCCCCDCDCDCDCDCDCDDDDDDDDDDDDDDDDDDDDDDDDDDDDDDDDDDDDDDDDDDDDDDDDDDDDDDDDDDDDDDDDDDDDDDDDDDDDDDDDDDDDDDDDDDDDDDDDDDDDDDDDDDDDDDDDDDDDDDDDDDDDDDDDDDDDDDDDDDDDDDDDDDDDDDDDDDDDDDDDDDDDDDDDDDDDDD,243,-5,200,1.215,-0.025,0,True,20,13,7,6,174,13,0,0,7,6,0,0,173,1
76,11,5,0,First by Joss: 0.9,"First by Stein and Rapoport: 0.05: (D, D)",CCCCCCCCCCCCCDCDCDCDCDCDCDDDDDDDDDDDDDDDDDDDDDDDDDDDDDDDDDDDDDDDDDDDDDDDDDDDDDDDDDDDDDDDDDDDDDDDDDDDDDDDDDDDDDDDDDDDDDDDDDDDDDDDDDDDDDDDDDDDDDDDDDDDDDDDDDDDDDDDDDDDDDDDDDDDDDDDDDDDDDDDDDDDDDDDDDDDDDDD,248,5,200,1.24,0.025,1,True,19,13,6,7,174,12,1,0,6,6,1,0,173,0
77,5,12,0,"First by Stein and Rapoport: 0.05: (D, D)",First by Tullock,CCCCCCCCCCCCCCCCCCCCCCCCCCCCCCCCCCCCCCCCCCCCCCCCCDCDCDCDCCCDDCCDCCCCCDCCDCDCCCCCCCCDCCCCCCCCCCCCCCCCCCCCCCCCCCCCCCCCCCCCCCCCCDCCCCCCCCCCCCCCCCCCCCCCCDCDCCCCCDCDDCCDCDCDDCDDCDCDDCCDDDDDDDCDDDDDDDDDDDDD,527,-5,200,2.635,-0.025,0,True,154,131,23,22,24,131,0,0,23,22,0,0,23,1
77,12,5,0,First by Tullock,"First by Stein and Rapoport: 0.05: (D, D)",CCCCCCCCCCCCCCCCCCCCCCCCCCCCCCCCCCCCCCCCCCCCCCCCDCDCDCDCCCDDCCDCCCCCDCCDCDCCCCCCCCDCCCCCCCCCCCCCCCCCCCCCCCCCCCCCCCCCCCCCCCCCDCCCCCCCCCCCCCCCCCCCCCCCDCDCCCCCDCDDCCDCDCDDCDDCDCDDCCDDDDDDDCDDDDDDDDDDDDDD,532,5,200,2.66,0.025,1,True,153,131,22,23,24,120,11,10,12,16,7,6,17,0
78,5,13,0,"First by Stein and Rapoport: 0.05: (D, D)",First by Anonymous,CCCCCCCDCDDCCDDDDDDDDDDDDDDDDDDDDDDDDDDDDDDDDDDDDDDDDDDDDDDDDDDDDDDDDDDDDDDDDDDDDDDDDDDDDDDDDDDDDDDDDDDDDDDDDDDDDDDDDDDDDDDDDDDDDDDDDDDDDDDDDDDDDDDDDDDDDDDDDDDDDDDDDDDDDDDDDDDDDDDDDDDDDDDDDDDDDDDDDDDD,594,460,200,2.97,2.3,1,True,10,4,6,98,92,4,0,3,3,2,96,0,91,0
78,13,5,0,First by Anonymous,"First by Stein and Rapoport: 0.05: (D, D)",DDDCCCDCDDCCDDDCCDDCDDDCDDDCCCCCCCDCDDDDCCDCCCDCCCCCDDDDDCDDDDCCDDCDDDCDCCCCDCCCDCCDCDDDDCCCDDCDCCDDDCDCDCCDCCDDCCCCDDCCDCDCCDCCCDDCCCCDDDCDCDCCDCDCCCDCDCDCDCDCCCCCDCDCCCCCDDDDDDCDDCDDDCDCDDCDDDCDCDCD,134,-460,200,0.67,-2.3,0,False,102,4,98,6,92,2,2,48,50,2,4,50,41,1
79,5,14,0,"First by Stein and Rapoport: 0.05: (D, D)",Random: 0.5,CCCCCCDCDDCDDDDDDDDDDDDDDDDDDDDDDDDDDDDDDDDDDDDDDDDDDDDDDDDDDDDDDDDDDDDDDDDDDDDDDDDDDDDDDDDDDDDDDDDDDDDDDDDDDDDDDDDDDDDDDDDDDDDDDDDDDDDDDDDDDDDDDDDDDDDDDDDDDDDDDDDDDDDDDDDDDDDDDDDDDDDDDDDDDDDDDDDDDDDD,601,475,200,3.005,2.375,1,True,8,3,5,100,92,3,0,2,3,2,97,0,92,0
79,14,5,0,Random: 0.5,"First by Stein and Rapoport: 0.05: (D, D)",DDCCCDCDDCDDDCDDCCCCDCDDCCDCDDDDDDDCCCCCCDCCCDCDCDCDDDDDDDCDCDCCDDCDCCDCCCCDCCDDDCCDCCCCCDDDCCCCCDDCCDCCDDCDDCCDDCCCDDCDDDCCCDDDDCCCCDCDDCCCCDDDCDCDCDCDDCCDDDDDCDCCDCDDCDCCCCDDDDCCDCDDDCCCCCDCCCCDDCDC,126,-475,200,0.63,-2.375,0,False,103,3,100,5,92,2,1,52,47,2,3,47,45,1
80,5,15,0,"First by Stein and Rapoport: 0.05: (D, D)","MyStrategy: [LinearRegression(), LinearRegression(), LinearRegression(), LinearRegression(), LinearRegression(), LinearRegression()], LogisticRegression(), 9",CCCCCCCCCCDDDDDDDDDDDDDDDDDDDDDDDDDDDDDDDDDDCCCCCCCCCCCCCCCCCCCCCCCCCCCCCCCCCCCCCCCCCCCCCCCCCCCCCCCCCCCCCCCCCCCCCCCCCCCCCCCCCCCCCCCCCCCCCCCCCCCCCCCCCCCCCCCCCCCCCCCCCCCCCCCCCCCCCCCCDDDDDDDDDDDDDDDDDDDD,586,115,200,2.93,0.575,1,True,146,144,2,25,29,144,0,0,2,1,24,0,28,0
80,15,5,0,"MyStrategy: [LinearRegression(), LinearRegression(), LinearRegression(), LinearRegression(), LinearRegression(), LinearRegression()], LogisticRegression(), 9","First by Stein and Rapoport: 0.05: (D, D)",CCCCCCCCCDDDDDDDDDDCCCCCCCCCCCCCCCCCCCCCCCCCCCCCCCCCCCCCCCCCCCCCCCCCCCCCCCCCCCCCCCCCCCCCCCCCCCCCCCCCCCCCCCCCCCCCCCCCCCCCCCCCCCCCCCCCCCCCCCCCCCCCCCCCCCCCCCCCCCCCCCCCCCCCCCCCCCCCCCCDDDDDDDDDDDDDDDDDDDDD,471,-115,200,2.355,-0.575,0,True,169,144,25,2,29,142,2,25,0,0,2,1,27,1
81,6,6,0,Grudger,Grudger,CCCCCCCCCCCCCCCCCCCCCCCCCCCCCCCCCCCCCCCCCCCCCCCCCCCCCCCCCCCCCCCCCCCCCCCCCCCCCCCCCCCCCCCCCCCCCCCCCCCCCCCCCCCCCCCCCCCCCCCCCCCCCCCCCCCCCCCCCCCCCCCCCCCCCCCCCCCCCCCCCCCCCCCCCCCCCCCCCCCCCCCCCCCCCCCCCCCCCCCC,600,0,200,3.0,0.0,0,True,200,200,0,0,0,199,0,0,0,0,0,0,0,1
81,6,6,0,Grudger,Grudger,CCCCCCCCCCCCCCCCCCCCCCCCCCCCCCCCCCCCCCCCCCCCCCCCCCCCCCCCCCCCCCCCCCCCCCCCCCCCCCCCCCCCCCCCCCCCCCCCCCCCCCCCCCCCCCCCCCCCCCCCCCCCCCCCCCCCCCCCCCCCCCCCCCCCCCCCCCCCCCCCCCCCCCCCCCCCCCCCCCCCCCCCCCCCCCCCCCCCCCCC,600,0,200,3.0,0.0,0,True,200,200,0,0,0,199,0,0,0,0,0,0,0,1
82,6,7,0,Grudger,First by Davis: 10,CCCCCCCCCCCCCCCCCCCCCCCCCCCCCCCCCCCCCCCCCCCCCCCCCCCCCCCCCCCCCCCCCCCCCCCCCCCCCCCCCCCCCCCCCCCCCCCCCCCCCCCCCCCCCCCCCCCCCCCCCCCCCCCCCCCCCCCCCCCCCCCCCCCCCCCCCCCCCCCCCCCCCCCCCCCCCCCCCCCCCCCCCCCCCCCCCCCCCCCC,600,0,200,3.0,0.0,0,True,200,200,0,0,0,199,0,0,0,0,0,0,0,1
82,7,6,0,First by Davis: 10,Grudger,CCCCCCCCCCCCCCCCCCCCCCCCCCCCCCCCCCCCCCCCCCCCCCCCCCCCCCCCCCCCCCCCCCCCCCCCCCCCCCCCCCCCCCCCCCCCCCCCCCCCCCCCCCCCCCCCCCCCCCCCCCCCCCCCCCCCCCCCCCCCCCCCCCCCCCCCCCCCCCCCCCCCCCCCCCCCCCCCCCCCCCCCCCCCCCCCCCCCCCCC,600,0,200,3.0,0.0,0,True,200,200,0,0,0,199,0,0,0,0,0,0,0,1
83,6,8,0,Grudger,First by Graaskamp: 0.05,CCCCCCCCCCCCCCCCCCCCCCCCCCCCCCCCCCCCCCCCCCCCCCCCCCCDDDDDDDDDDDDDDDDDDDDDDDDDDDDDDDDDDDDDDDDDDDDDDDDDDDDDDDDDDDDDDDDDDDDDDDDDDDDDDDDDDDDDDDDDDDDDDDDDDDDDDDDDDDDDDDDDDDDDDDDDDDDDDDDDDDDDDDDDDDDDDDDDDDDD,407,130,200,2.035,0.65,1,True,51,50,1,27,122,50,0,0,1,0,27,0,121,0
83,8,6,0,First by Graaskamp: 0.05,Grudger,CCCCCCCCCCCCCCCCCCCCCCCCCCCCCCCCCCCCCCCCCCCCCCCCCCDCDDDDCCCCCCCCCCCCCDCCCCCCCCDCCCCCDDDDDDDDDDDDDDDDDDDDDDDDDDDDDDDDDDDDDDDDDDDDDDDDDDDDDDDDDDDDDDDDDDDDDDDDDDDDDDDDDDDDDDDDDDDDDDDDDDDDDDDDDDDDDDDDDDDD,277,-130,200,1.385,-0.65,0,True,77,50,27,1,122,49,1,23,4,1,0,3,118,1
84,6,9,0,Grudger,First by Downing,CDDDDDDDDDDDDDDDDDDDDDDDDDDDDDDDDDDDDDDDDDDDDDDDDDDDDDDDDDDDDDDDDDDDDDDDDDDDDDDDDDDDDDDDDDDDDDDDDDDDDDDDDDDDDDDDDDDDDDDDDDDDDDDDDDDDDDDDDDDDDDDDDDDDDDDDDDDDDDDDDDDDDDDDDDDDDDDDDDDDDDDDDDDDDDDDDDDDDDDD,211,10,200,1.055,0.05,1,True,1,0,1,3,196,0,0,0,1,0,3,0,195,0
84,9,6,0,First by Downing,Grudger,DDCCDCDDDDDDDDDDDDDDDDDDDDDDDDDDDDDDDDDDDDDDDDDDDDDDDDDDDDDDDDDDDDDDDDDDDDDDDDDDDDDDDDDDDDDDDDDDDDDDDDDDDDDDDDDDDDDDDDDDDDDDDDDDDDDDDDDDDDDDDDDDDDDDDDDDDDDDDDDDDDDDDDDDDDDDDDDDDDDDDDDDDDDDDDDDDDDDDDDD,201,-10,200,1.005,-0.05,0,False,3,0,3,1,196,0,0,1,2,0,1,2,193,1
85,6,10,0,Grudger,"First by Feld: 1.0, 0.5, 200",CCCCCCCCCCCCCCCDDDDDDDDDDDDDDDDDDDDDDDDDDDDDDDDDDDDDDDDDDDDDDDDDDDDDDDDDDDDDDDDDDDDDDDDDDDDDDDDDDDDDDDDDDDDDDDDDDDDDDDDDDDDDDDDDDDDDDDDDDDDDDDDDDDDDDDDDDDDDDDDDDDDDDDDDDDDDDDDDDDDDDDDDDDDDDDDDDDDDDDDD,231,0,200,1.155,0.0,0,True,15,14,1,1,184,14,0,0,1,0,1,0,183,1
85,10,6,0,"First by Feld: 1.0, 0.5, 200",Grudger,CCCCCCCCCCCCCCDCDDDDDDDDDDDDDDDDDDDDDDDDDDDDDDDDDDDDDDDDDDDDDDDDDDDDDDDDDDDDDDDDDDDDDDDDDDDDDDDDDDDDDDDDDDDDDDDDDDDDDDDDDDDDDDDDDDDDDDDDDDDDDDDDDDDDDDDDDDDDDDDDDDDDDDDDDDDDDDDDDDDDDDDDDDDDDDDDDDDDDDDD,231,0,200,1.155,0.0,0,True,15,14,1,1,184,13,1,0,1,1,0,0,183,1
86,6,11,0,Grudger,First by Joss: 0.9,CCCCDDDDDDDDDDDDDDDDDDDDDDDDDDDDDDDDDDDDDDDDDDDDDDDDDDDDDDDDDDDDDDDDDDDDDDDDDDDDDDDDDDDDDDDDDDDDDDDDDDDDDDDDDDDDDDDDDDDDDDDDDDDDDDDDDDDDDDDDDDDDDDDDDDDDDDDDDDDDDDDDDDDDDDDDDDDDDDDDDDDDDDDDDDDDDDDDDDDD,209,0,200,1.045,0.0,0,True,4,3,1,1,195,3,0,0,1,0,1,0,194,1
86,11,6,0,First by Joss: 0.9,Grudger,CCCDCDDDDDDDDDDDDDDDDDDDDDDDDDDDDDDDDDDDDDDDDDDDDDDDDDDDDDDDDDDDDDDDDDDDDDDDDDDDDDDDDDDDDDDDDDDDDDDDDDDDDDDDDDDDDDDDDDDDDDDDDDDDDDDDDDDDDDDDDDDDDDDDDDDDDDDDDDDDDDDDDDDDDDDDDDDDDDDDDDDDDDDDDDDDDDDDDDDD,209,0,200,1.045,0.0,0,True,4,3,1,1,195,2,1,0,1,1,0,0,194,1
87,6,12,0,Grudger,First by Tullock,CCCCCCCCCCCCDDDDDDDDDDDDDDDDDDDDDDDDDDDDDDDDDDDDDDDDDDDDDDDDDDDDDDDDDDDDDDDDDDDDDDDDDDDDDDDDDDDDDDDDDDDDDDDDDDDDDDDDDDDDDDDDDDDDDDDDDDDDDDDDDDDDDDDDDDDDDDDDDDDDDDDDDDDDDDDDDDDDDDDDDDDDDDDDDDDDDDDDDDDD,245,25,200,1.225,0.125,1,True,12,11,1,6,182,11,0,0,1,0,6,0,181,0
87,12,6,0,First by Tullock,Grudger,CCCCCCCCCCCDCCCCDDCCDDDDDDDDDDDDDDDDDDDDDDDDDDDDDDDDDDDDDDDDDDDDDDDDDDDDDDDDDDDDDDDDDDDDDDDDDDDDDDDDDDDDDDDDDDDDDDDDDDDDDDDDDDDDDDDDDDDDDDDDDDDDDDDDDDDDDDDDDDDDDDDDDDDDDDDDDDDDDDDDDDDDDDDDDDDDDDDDDDDD,220,-25,200,1.1,-0.125,0,True,17,11,6,1,182,10,1,4,2,1,0,1,180,1
88,6,13,0,Grudger,First by Anonymous,CDDDDDDDDDDDDDDDDDDDDDDDDDDDDDDDDDDDDDDDDDDDDDDDDDDDDDDDDDDDDDDDDDDDDDDDDDDDDDDDDDDDDDDDDDDDDDDDDDDDDDDDDDDDDDDDDDDDDDDDDDDDDDDDDDDDDDDDDDDDDDDDDDDDDDDDDDDDDDDDDDDDDDDDDDDDDDDDDDDDDDDDDDDDDDDDDDDDDDDD,603,500,200,3.015,2.5,1,True,1,0,1,101,98,0,0,0,1,0,101,0,97,0
88,13,6,0,First by Anonymous,Grudger,DDCDDCCCCCCCCCCDDDDCDCDCDCCCDCCDCCDDCCDCDDCCCDCDDCCDCDDCDCDDCDDDDCCCDDCCCCCDCCDDCCDDDCCDCCCDCDCDDCCCCDDCCDDDDDCDCCCCDCCDDCDDDCDCCDCDCCDCCCCCDCDDDDDCDCCCDDCDCDDDCCCCCCCDCCCCDDDDDDDCDDDDDDCDDDCDDDDDDCCD,103,-500,200,0.515,-2.5,0,False,101,0,101,1,98,0,0,54,47,0,1,47,50,1
89,6,14,0,Grudger,Random: 0.5,CCCCDDDDDDDDDDDDDDDDDDDDDDDDDDDDDDDDDDDDDDDDDDDDDDDDDDDDDDDDDDDDDDDDDDDDDDDDDDDDDDDDDDDDDDDDDDDDDDDDDDDDDDDDDDDDDDDDDDDDDDDDDDDDDDDDDDDDDDDDDDDDDDDDDDDDDDDDDDDDDDDDDDDDDDDDDDDDDDDDDDDDDDDDDDDDDDDDDDDD,593,480,200,2.965,2.4,1,True,4,3,1,97,99,3,0,0,1,0,97,0,98,0
89,14,6,0,Random: 0.5,Grudger,CCCDDCCCCDCDDDDDDDDDCCDDCDDDDCDCCDDDDCDDCCCCDCDDCDDDDDCCDCCDCDCCCDCCCDCCDDDCDCCDCDCCDDCDDCCCCCDCDDCCDCCCDDDCCDCCDDCCCCCDCCCDDDCCCDCDDDCDDDDDDCCCCDCCCCDDCCDDDCCDDDCCCDDCDCCDCCCCDDCDDCCCDDDDCDDCDCDCDDCD,113,-480,200,0.565,-2.4,0,True,100,3,97,1,99,2,1,50,47,0,1,47,51,1
90,6,15,0,Grudger,"MyStrategy: [LinearRegression(), LinearRegression(), LinearRegression(), LinearRegression(), LinearRegression(), LinearRegression()], LogisticRegression(), 9",CCCCCCCCCCDDDDDDDDDDDDDDDDDDDDDDDDDDDDDDDDDDDDDDDDDDDDDDDDDDDDDDDDDDDDDDDDDDDDDDDDDDDDDDDDDDDDDDDDDDDDDDDDDDDDDDDDDDDDDDDDDDDDDDDDDDDDDDDDDDDDDDDDDDDDDDDDDDDDDDDDDDDDDDDDDDDDDDDDDDDDDDDDDDDDDDDDDDDDDD,857,795,200,4.285,3.975,1,True,10,9,1,160,30,9,0,0,1,0,160,0,29,0
90,15,6,0,"MyStrategy: [LinearRegression(), LinearRegression(), LinearRegression(), LinearRegression(), LinearRegression(), LinearRegression()], LogisticRegression(), 9",Grudger,CCCCCCCCCDDDDDDDDDDCCCCCCCCCCCCCCCCCCCCCCCCCCCCCCCCCCCCCCCCCCCCCCCCCCCCCCCCCCCCCCCCCCCCCCCCCCCCCCCCCCCCCCCCCCCCCCCCCCCCCCCCCCCCCCCCCCCCCCCCCCCCCCCCCCCCCCCCCCCCCCCCCCCCCCCCCCCCCCCCDDDDDDDDDDDDDDDDDDDDD,62,-795,200,0.31,-3.975,0,True,169,9,160,1,30,8,1,159,1,0,1,1,28,1
91,7,7,0,First by Davis: 10,First by Davis: 10,CCCCCCCCCCCCCCCCCCCCCCCCCCCCCCCCCCCCCCCCCCCCCCCCCCCCCCCCCCCCCCCCCCCCCCCCCCCCCCCCCCCCCCCCCCCCCCCCCCCCCCCCCCCCCCCCCCCCCCCCCCCCCCCCCCCCCCCCCCCCCCCCCCCCCCCCCCCCCCCCCCCCCCCCCCCCCCCCCCCCCCCCCCCCCCCCCCCCCCCC,600,0,200,3.0,0.0,0,True,200,200,0,0,0,199,0,0,0,0,0,0,0,1
91,7,7,0,First by Davis: 10,First by Davis: 10,CCCCCCCCCCCCCCCCCCCCCCCCCCCCCCCCCCCCCCCCCCCCCCCCCCCCCCCCCCCCCCCCCCCCCCCCCCCCCCCCCCCCCCCCCCCCCCCCCCCCCCCCCCCCCCCCCCCCCCCCCCCCCCCCCCCCCCCCCCCCCCCCCCCCCCCCCCCCCCCCCCCCCCCCCCCCCCCCCCCCCCCCCCCCCCCCCCCCCCCC,600,0,200,3.0,0.0,0,True,200,200,0,0,0,199,0,0,0,0,0,0,0,1
92,7,8,0,First by Davis: 10,First by Graaskamp: 0.05,CCCCCCCCCCCCCCCCCCCCCCCCCCCCCCCCCCCCCCCCCCCCCCCCCCCDDDDDDDDDDDDDDDDDDDDDDDDDDDDDDDDDDDDDDDDDDDDDDDDDDDDDDDDDDDDDDDDDDDDDDDDDDDDDDDDDDDDDDDDDDDDDDDDDDDDDDDDDDDDDDDDDDDDDDDDDDDDDDDDDDDDDDDDDDDDDDDDDDDDD,407,130,200,2.035,0.65,1,True,51,50,1,27,122,50,0,0,1,0,27,0,121,0
92,8,7,0,First by Graaskamp: 0.05,First by Davis: 10,CCCCCCCCCCCCCCCCCCCCCCCCCCCCCCCCCCCCCCCCCCCCCCCCCCDCDDDDCCCCCCCCCDCCCCCDCCCCCCDCCCCCCDDDDDDDDDDDDDDDDDDDDDDDDDDDDDDDDDDDDDDDDDDDDDDDDDDDDDDDDDDDDDDDDDDDDDDDDDDDDDDDDDDDDDDDDDDDDDDDDDDDDDDDDDDDDDDDDDDD,277,-130,200,1.385,-0.65,0,True,77,50,27,1,122,49,1,22,5,1,0,4,117,1
93,7,9,0,First by Davis: 10,First by Downing,CCCCCCCCCCDDDDDDDDDDDDDDDDDDDDDDDDDDDDDDDDDDDDDDDDDDDDDDDDDDDDDDDDDDDDDDDDDDDDDDDDDDDDDDDDDDDDDDDDDDDDDDDDDDDDDDDDDDDDDDDDDDDDDDDDDDDDDDDDDDDDDDDDDDDDDDDDDDDDDDDDDDDDDDDDDDDDDDDDDDDDDDDDDDDDDDDDDDDDDD,209,-25,200,1.045,-0.125,0,True,10,1,9,4,186,1,0,8,1,0,4,0,185,1
93,9,7,0,First by Downing,First by Davis: 10,DDCDDDDDDDDDDDDDDCDDDDDDDDDDDDDDDDCDDDDDDDDDDDDDDDDDDDDDDDDDDDDDDDDCDDDDDDDDDDDDDDDDDDDDDDDDDDDDDDDDDDDDDDDDDDDDDDDDDDDDDDDDDDDDDDDDDDDDDDDDDDDDDDDDDDDDDDDDDDDDDDDDCDDDDDDDDDDDDDDDDDDDDDDDDDDDDDDDDDDD,234,25,200,1.17,0.125,1,False,5,1,4,9,186,0,1,0,4,1,8,4,181,0
94,7,10,0,First by Davis: 10,"First by Feld: 1.0, 0.5, 200",CCCCCCCCCCCDDDDDDDDDDDDDDDDDDDDDDDDDDDDDDDDDDDDDDDDDDDDDDDDDDDDDDDDDDDDDDDDDDDDDDDDDDDDDDDDDDDDDDDDDDDDDDDDDDDDDDDDDDDDDDDDDDDDDDDDDDDDDDDDDDDDDDDDDDDDDDDDDDDDDDDDDDDDDDDDDDDDDDDDDDDDDDDDDDDDDDDDDDDDD,223,0,200,1.115,0.0,0,True,11,10,1,1,188,10,0,0,1,0,1,0,187,1
94,10,7,0,"First by Feld: 1.0, 0.5, 200",First by Davis: 10,CCCCCCCCCCDCDDDDDDDDDDDDDDDDDDDDDDDDDDDDDDDDDDDDDDDDDDDDDDDDDDDDDDDDDDDDDDDDDDDDDDDDDDDDDDDDDDDDDDDDDDDDDDDDDDDDDDDDDDDDDDDDDDDDDDDDDDDDDDDDDDDDDDDDDDDDDDDDDDDDDDDDDDDDDDDDDDDDDDDDDDDDDDDDDDDDDDDDDDDD,223,0,200,1.115,0.0,0,True,11,10,1,1,188,9,1,0,1,1,0,0,187,1
95,7,11,0,First by Davis: 10,First by Joss: 0.9,CCCCCCCCCCDDDDDDDDDDDDDDDDDDDDDDDDDDDDDDDDDDDDDDDDDDDDDDDDDDDDDDDDDDDDDDDDDDDDDDDDDDDDDDDDDDDDDDDDDDDDDDDDDDDDDDDDDDDDDDDDDDDDDDDDDDDDDDDDDDDDDDDDDDDDDDDDDDDDDDDDDDDDDDDDDDDDDDDDDDDDDDDDDDDDDDDDDDDDDD,221,0,200,1.105,0.0,0,True,10,9,1,1,189,8,1,1,0,0,1,0,188,1
95,11,7,0,First by Joss: 0.9,First by Davis: 10,CCCCCCCDCCCDDDDDDDDDDDDDDDDDDDDDDDDDDDDDDDDDDDDDDDDDDDDDDDDDDDDDDDDDDDDDDDDDDDDDDDDDDDDDDDDDDDDDDDDDDDDDDDDDDDDDDDDDDDDDDDDDDDDDDDDDDDDDDDDDDDDDDDDDDDDDDDDDDDDDDDDDDDDDDDDDDDDDDDDDDDDDDDDDDDDDDDDDDDDD,221,0,200,1.105,0.0,0,True,10,9,1,1,189,8,1,0,1,1,0,0,188,1
96,7,12,0,First by Davis: 10,First by Tullock,CCCCCCCCCCCCCCCCCCCCCCDDDDDDDDDDDDDDDDDDDDDDDDDDDDDDDDDDDDDDDDDDDDDDDDDDDDDDDDDDDDDDDDDDDDDDDDDDDDDDDDDDDDDDDDDDDDDDDDDDDDDDDDDDDDDDDDDDDDDDDDDDDDDDDDDDDDDDDDDDDDDDDDDDDDDDDDDDDDDDDDDDDDDDDDDDDDDDDDDD,261,20,200,1.305,0.1,1,True,22,21,1,5,173,21,0,0,1,0,5,0,172,0
96,12,7,0,First by Tullock,First by Davis: 10,CCCCCCCCCCCCCCCCCCCCCDCCCDDDCCDDDDDDDDDDDDDDDDDDDDDDDDDDDDDDDDDDDDDDDDDDDDDDDDDDDDDDDDDDDDDDDDDDDDDDDDDDDDDDDDDDDDDDDDDDDDDDDDDDDDDDDDDDDDDDDDDDDDDDDDDDDDDDDDDDDDDDDDDDDDDDDDDDDDDDDDDDDDDDDDDDDDDDDDDD,241,-20,200,1.205,-0.1,0,True,26,21,5,1,173,20,1,3,2,1,0,1,171,1
97,7,13,0,First by Davis: 10,First by Anonymous,CCCCCCCCCCDDDDDDDDDDDDDDDDDDDDDDDDDDDDDDDDDDDDDDDDDDDDDDDDDDDDDDDDDDDDDDDDDDDDDDDDDDDDDDDDDDDDDDDDDDDDDDDDDDDDDDDDDDDDDDDDDDDDDDDDDDDDDDDDDDDDDDDDDDDDDDDDDDDDDDDDDDDDDDDDDDDDDDDDDDDDDDDDDDDDDDDDDDDDDD,574,435,200,2.87,2.175,1,True,10,4,6,93,97,4,0,5,1,0,92,0,97,0
97,13,7,0,First by Anonymous,First by Davis: 10,DCDDCCDCDDDDCCCDCDCDCDDDCCDCDCDCCDCCCDCDDCDCDDDCDDDCCDDCCDCDDDDCCDDCCCDDDDDCDCDDCCCCCDDDCCCCDCCDDDCDCDCDCCCCDDDCCCDDDDDDDCDDCCDDDCCCDCCCDDDDCDCDCDDCCDDCDDCCDCCCDCCCCDCDDCCDCCCCCCDDDCCDDDCCDDDDCCDDCDDC,139,-435,200,0.695,-2.175,0,False,97,4,93,6,97,1,3,45,47,3,3,48,49,1
98,7,14,0,First by Davis: 10,Random: 0.5,CCCCCCCCCCDDDDDDDDDDDDDDDDDDDDDDDDDDDDDDDDDDDDDDDDDDDDDDDDDDDDDDDDDDDDDDDDDDDDDDDDDDDDDDDDDDDDDDDDDDDDDDDDDDDDDDDDDDDDDDDDDDDDDDDDDDDDDDDDDDDDDDDDDDDDDDDDDDDDDDDDDDDDDDDDDDDDDDDDDDDDDDDDDDDDDDDDDDDDDD,560,415,200,2.8,2.075,1,True,10,2,8,91,99,2,0,7,1,0,90,0,99,0
98,14,7,0,Random: 0.5,First by Davis: 10,DDDDDDDCCDCCDDCDCCDCDDDCCCDCDDCCDCCDCDCCCDDDCDDDDDCCDCCDCCDCDCDCCCDDDCDCCDCDCDDDDDDDCDCCDCCDDCDCCDCDDDCDCDCCDCCCDCDCDCCDCCCCDCCDCDDDCDDCCDDDDCCDCCDDDCDDCDCCDDDCDDDDCDCDDDCCDDDDCCDCCCCDDCCCCDDDCCDDDDDC,145,-415,200,0.725,-2.075,0,False,93,2,91,8,99,1,1,38,52,2,6,52,47,1
99,7,15,0,First by Davis: 10,"MyStrategy: [LinearRegression(), LinearRegression(), LinearRegression(), LinearRegression(), LinearRegression(), LinearRegression()], LogisticRegression(), 9",CCCCCCCCCCDDDDDDDDDDDDDDDDDDDDDDDDDDDDDDDDDDDDDDDDDDDDDDDDDDDDDDDDDDDDDDDDDDDDDDDDDDDDDDDDDDDDDDDDDDDDDDDDDDDDDDDDDDDDDDDDDDDDDDDDDDDDDDDDDDDDDDDDDDDDDDDDDDDDDDDDDDDDDDDDDDDDDDDDDDDDDDDDDDDDDDDDDDDDDD,857,795,200,4.285,3.975,1,True,10,9,1,160,30,9,0,0,1,0,160,0,29,0
99,15,7,0,"MyStrategy: [LinearRegression(), LinearRegression(), LinearRegression(), LinearRegression(), LinearRegression(), LinearRegression()], LogisticRegression(), 9",First by Davis: 10,CCCCCCCCCDDDDDDDDDDCCCCCCCCCCCCCCCCCCCCCCCCCCCCCCCCCCCCCCCCCCCCCCCCCCCCCCCCCCCCCCCCCCCCCCCCCCCCCCCCCCCCCCCCCCCCCCCCCCCCCCCCCCCCCCCCCCCCCCCCCCCCCCCCCCCCCCCCCCCCCCCCCCCCCCCCCCCCCCCCDDDDDDDDDDDDDDDDDDDDD,62,-795,200,0.31,-3.975,0,True,169,9,160,1,30,8,1,159,1,0,1,1,28,1
100,8,8,0,First by Graaskamp: 0.05,First by Graaskamp: 0.05,CCCCCCCCCCCCCCCCCCCCCCCCCCCCCCCCCCCCCCCCCCCCCCCCCCDDDDDDDDDDDDDDDDDDDDDDDDDDDDDDDDDDDDDDDDDDDDDDDDDDDDDDDDDDDDDDDDDDDDDDDDDDDDDDDDDDDDDDDDDDDDDDDDDDDDDDDDDDDDDDDDDDDDDDDDDDDDDDDDDDDDDDDDDDDDDDDDDDDDDD,300,0,200,1.5,0.0,0,True,50,50,0,0,150,49,1,0,0,0,0,0,149,1
100,8,8,0,First by Graaskamp: 0.05,First by Graaskamp: 0.05,CCCCCCCCCCCCCCCCCCCCCCCCCCCCCCCCCCCCCCCCCCCCCCCCCCDDDDDDDDDDDDDDDDDDDDDDDDDDDDDDDDDDDDDDDDDDDDDDDDDDDDDDDDDDDDDDDDDDDDDDDDDDDDDDDDDDDDDDDDDDDDDDDDDDDDDDDDDDDDDDDDDDDDDDDDDDDDDDDDDDDDDDDDDDDDDDDDDDDDDD,300,0,200,1.5,0.0,0,True,50,50,0,0,150,49,1,0,0,0,0,0,149,1
101,8,9,0,First by Graaskamp: 0.05,First by Downing,CDDCCCCCCCCCCCCCCCCCCCCCCCCCCCCCCCCCCCCCCCCCCCCCCCDCCCCCCCCCCCCCCCCCDCCCCCCCCCCCDCCCCCDCCCCCDCCCCCCCCCCCCDCCCCCCCCCCDCCCCCDCCCCCCCCCCCCDCCCCCCCCDCCCCCCCCDCCCCCCDCCCCCCCDCCCCCCCCCCCDCCCCDCCCCDCCCCCCCCC,629,80,200,3.145,0.4,1,True,182,181,1,17,1,164,16,0,1,17,0,0,1,0
101,9,8,0,First by Downing,First by Graaskamp: 0.05,DDCCCCCCCCCCCCCCCCCCCCCCCCCCCCCCCCCCCCCCCCCCCCCCCCCCCCCCCCCCCCCCCCCCCCCCCCCCCCCCCCCCCCCCCCCCCCCCCCCCCCCCCCCCCCCCCCCCCCCCCCCCCCCCCCCCCCCCCCCCCCCCCCCCCCCCCCCCCCCCCCCCCCCCCCCCCCCCCCCCCCCCCCCCCCCCCCCCCCCC,549,-80,200,2.745,-0.4,0,False,198,181,17,1,1,180,0,17,0,0,1,1,0,1
102,8,10,0,First by Graaskamp: 0.05,"First by Feld: 1.0, 0.5, 200",CCCCCCCCCCCCCCCCCCDCDCDCDCDCDCDCDCDCDCDCDCDDDDDDDDDDDDDDDDDDDDDDDDDDDDDDDDDDDDDDDDDDDDDDDDDDDDDDDDDDDDDDDDDDDDDDDDDDDDDDDDDDDDDDDDDDDDDDDDDDDDDDDDDDDDDDDDDDDDDDDDDDDDDDDDDDDDDDDDDDDDDDDDDDDDDDDDDDDDDD,269,-5,200,1.345,-0.025,0,True,30,17,13,12,158,17,0,0,13,12,0,0,157,1
102,10,8,0,"First by Feld: 1.0, 0.5, 200",First by Graaskamp: 0.05,CCCCCCCCCCCCCCCCCDCDCDCDCDCDCDCDCDCDCDCDCDDDDDDDDDDDDDDDDDDDDDDDDDDDDDDDDDDDDDDDDDDDDDDDDDDDDDDDDDDDDDDDDDDDDDDDDDDDDDDDDDDDDDDDDDDDDDDDDDDDDDDDDDDDDDDDDDDDDDDDDDDDDDDDDDDDDDDDDDDDDDDDDDDDDDDDDDDDDDDD,274,5,200,1.37,0.025,1,True,29,17,12,13,158,16,1,0,12,12,1,0,157,0
103,8,11,0,First by Graaskamp: 0.05,First by Joss: 0.9,CCCDCDCDCDCDCDCDCDCDCDCDCDCDCDCDCDCDCDCDCDCDCDCDCDDDDDDDDDDDDDDDDDDDDDDDDDDDDDDDDDDDDDDDDDDDDDDDDDDDDDDDDDDDDDDDDDDDDDDDDDDDDDDDDDDDDDDDDDDDDDDDDDDDDDDDDDDDDDDDDDDDDDDDDDDDDDDDDDDDDDDDDDDDDDDDDDDDDDDD,276,0,200,1.38,0.0,0,True,26,2,24,24,150,2,0,0,24,23,1,0,149,1
103,11,8,0,First by Joss: 0.9,First by Graaskamp: 0.05,CCDCDCDCDCDCDCDCDCDCDCDCDCDCDCDCDCDCDCDCDCDCDCDCDCDDDDDDDDDDDDDDDDDDDDDDDDDDDDDDDDDDDDDDDDDDDDDDDDDDDDDDDDDDDDDDDDDDDDDDDDDDDDDDDDDDDDDDDDDDDDDDDDDDDDDDDDDDDDDDDDDDDDDDDDDDDDDDDDDDDDDDDDDDDDDDDDDDDDDD,276,0,200,1.38,0.0,0,True,26,2,24,24,150,1,1,0,24,24,0,0,149,1
104,8,12,0,First by Graaskamp: 0.05,First by Tullock,CCCCCCCCCCCCDDCCDCDCCCCCCDCCCCCCCCCCCCCDCDDCCCDCCCDDDCDCCCCCCCCCCCCDCCCCCCCCCCCCDCCCCCCCCDCCCCCCCCCDCCCCCCCCCCDCCCCCCCCCCCCDCCCCCCCCCCCCDCCCCCCDCCCCCCCDCCCCCCCCCCCCDCCCCCDCCCCCCCCCCDCCCCCCCCCCCCCDCCCC,533,-60,200,2.665,-0.3,0,True,174,141,33,21,5,128,12,23,10,21,0,1,4,1
104,12,8,0,First by Tullock,First by Graaskamp: 0.05,CCCCCCCCCCCDDCCDCDCCCCCCDCCCCCCCCCCCCCDCDDCCCDCCCCDDCDCCDCDCCCCCCCCCDCCCCCDCDCCCCCCCCCCDCCCCDDCDDCCCCCCDDCCDCCDCDCCCCCCCCCCCCDCCCCCCCCCCCCCCCCCCCDDCCCDCCCCCCCCCCCCCCCCCCCCDCDCCCDDCDCCCCCCCDCCCCCCCCDCC,593,60,200,2.965,0.3,1,True,162,141,21,33,5,115,25,16,5,26,7,4,1,0
105,8,13,0,First by Graaskamp: 0.05,First by Anonymous,CDDCDDCDCDDDDCCCCDCDCDDDCCDCDDCDDDDCDCCDDCDDDDDCCDDCDDCDDDDDDDDDDDDDDDDDDDDDDDDDDDDDDDDDDDDDDDDDDDDDDDDDDDDDDDDDDDDDDDDDDDDDDDDDDDDDDDDDDDDDDDDDDDDDDDDDDDDDDDDDDDDDDDDDDDDDDDDDDDDDDDDDDDDDDDDDDDDDDDDD,572,390,200,2.86,1.95,1,True,22,6,16,94,84,6,0,0,16,15,78,0,84,0
105,13,8,0,First by Anonymous,First by Graaskamp: 0.05,DDCDDCDCDDDDCCCCDCDCDDDCCDCDDCDDDDCDCCDDCDDDDDCCDCCDDCDDDDCCCDDCDCDCCCCCDDCCDCDCCDDCCDDDDDCCCCCDCCCCDDCDDCDDDDDDDCCCDDCCCCDCCDCDCDCCDDCDCCDDDCCCCDDCCCCDDDDDCDCCCDDDCDCCDDCCCCCCDCDDCCCDCDCCDCCCDDCDCDDC,182,-390,200,0.91,-1.95,0,False,100,6,94,16,84,2,4,48,45,6,10,44,40,1
106,8,14,0,First by Graaskamp: 0.05,Random: 0.5,CDDDCCDDCCDDDCCDDDDDCDDCDCDDCCDCDCCDCDDDDCCDDCDDDDDDDCCDDDDDDDDDDDDDDDDDDDDDDDDDDDDDDDDDDDDDDDDDDDDDDDDDDDDDDDDDDDDDDDDDDDDDDDDDDDDDDDDDDDDDDDDDDDDDDDDDDDDDDDDDDDDDDDDDDDDDDDDDDDDDDDDDDDDDDDDDDDDDDDDD,536,350,200,2.68,1.75,1,True,21,7,14,84,95,7,0,0,14,13,70,0,95,0
106,14,8,0,Random: 0.5,First by Graaskamp: 0.05,DDDCCDDCCDDDCCDDDDDCDDCDCDDCCDCDCCDCDDDDCCDDCDDDDDDDCCDCCCDDDCCCCCCCDCDDDCDDCCCDCCDCDDCDCDDCCCCDDCDCCCDDCDDCCDCCDDCCDDDDCDDDDDDDCCDDCDDCDCCDDCCCCDDCCCCDCDCDDDCCCDDDDCCCDDDDCCCCCCDDCDCCCCDCDDDDDDDDDDDC,186,-350,200,0.93,-1.75,0,False,91,7,84,14,95,0,7,46,37,5,9,40,55,1
107,8,15,0,First by Graaskamp: 0.05,"MyStrategy: [LinearRegression(), LinearRegression(), LinearRegression(), LinearRegression(), LinearRegression(), LinearRegression()], LogisticRegression(), 9",CCCCCCCCCCDDDDDDDDDDCCCCCCCCCCCCCCCCCCCCCCCCCCCCCCDCCCCCCCCCCCCCCCDCCCCCCCCCCCDCCCCCCCDCCCCCCCCDCCCCCCCCCCCDCCCCCCCCCDCCCCCCCCCDCCCCCCCCCCCCCDCCCCCCCCCCCDCCCCCCCCCCDCCCCCCCDCCCCCCCCCCDCCCCCDCCCCCCCDCC,545,-30,200,2.725,-0.15,0,True,175,156,19,13,12,144,12,14,4,13,0,3,9,1
107,15,8,0,"MyStrategy: [LinearRegression(), LinearRegression(), LinearRegression(), LinearRegression(), LinearRegression(), LinearRegression()], LogisticRegression(), 9",First by Graaskamp: 0.05,CCCCCCCCCDDDDDDDDDDCCCCCCCCCCCCCCCCCCCCCCCCCCCCCCCCCCCCCCCCCCCCCCCCCCCCCCCCCCCCCCCCCCCCCCCCCCCCCCCCCCCCCCCCCCCCCCCCCCCCCCCCCCCCCCCCCCCCCCCCCCCCCCCCCCCCCCCCCCCCCCCCCCCCCCCCCCCCCCCCDDDDDDDDDDDDDDDDDDDDD,575,30,200,2.875,0.15,1,True,169,156,13,19,12,154,2,13,0,0,18,1,11,0
108,9,9,0,First by Downing,First by Downing,DDDDDDDDDDDDDDDDDDDDDDDDDDDDDDDDDDDDDDDDDDDDDDDDDDDDDDDDDDDDDDDDDDDDDDDDDDDDDDDDDDDDDDDDDDDDDDDDDDDDDDDDDDDDDDDDDDDDDDDDDDDDDDDDDDDDDDDDDDDDDDDDDDDDDDDDDDDDDDDDDDDDDDDDDDDDDDDDDDDDDDDDDDDDDDDDDDDDDDDD,200,0,200,1.0,0.0,0,False,0,0,0,0,200,0,0,0,0,0,0,0,199,1
108,9,9,0,First by Downing,First by Downing,DDDDDDDDDDDDDDDDDDDDDDDDDDDDDDDDDDDDDDDDDDDDDDDDDDDDDDDDDDDDDDDDDDDDDDDDDDDDDDDDDDDDDDDDDDDDDDDDDDDDDDDDDDDDDDDDDDDDDDDDDDDDDDDDDDDDDDDDDDDDDDDDDDDDDDDDDDDDDDDDDDDDDDDDDDDDDDDDDDDDDDDDDDDDDDDDDDDDDDDD,200,0,200,1.0,0.0,0,False,0,0,0,0,200,0,0,0,0,0,0,0,199,1
109,9,10,0,First by Downing,"First by Feld: 1.0, 0.5, 200",DDCCCCCCCCCCCCCCCCCCCCCCCCCCCCCCCCCCCCCCCCCCCCCCCCCCCCCCCCCCCCCCCCCCCCCCCCCCCCCCCCCCCCCCCCCCCCCCCCCCCCCCCCCCCCCCCCCCCCCCCCCCCCCCCCCCCCCCCCCCCCCCCCCCCCCCCCCCCCCCCCCCCCCCCCCCCCCCCCCCCCCCCCCCCCCCCCCCCCCC,450,-245,200,2.25,-1.225,0,False,198,148,50,1,1,148,0,49,0,0,1,1,0,1
109,10,9,0,"First by Feld: 1.0, 0.5, 200",First by Downing,CDDCCCCCCCCCCCCCCCCDCCCCCCCCCCCCCCDCCCCCCCCCCCCCCCCDCCCDCCCCCCCCDDCCCCCCCCCCCCCCCCCCCCDCCCDDDDCCCCDCDCCCCCCCCCCCDCCCCCCCCCCDCDCCCCCDCCDDCDCDDCCCCCCCDCDDDDCDDCCDDCCDDCCDCCDDCDDDDDCCCCDCDCDCCCCCCDCDCDDD,695,245,200,3.475,1.225,1,True,149,148,1,50,1,118,30,0,1,30,19,0,1,0
110,9,11,0,First by Downing,First by Joss: 0.9,DDCCCCCCCCCCCCCCCCCCCCCCCCCCCCCCCCCCCCCCCCCCCCCCCCCCCCCCCCCCCCCCCCCCCCCCCCCCCCCCCCCCCCCCCCCCCCCCCCCCCCCCCCCCCCCCCCCCCCCCCCCCCCCCCCCCCCCCCCCCCCCCCCCCCCCCCCCCCCCCCCCCCCCCCCCCCCCCCCCCCCCCCCCCCCCCCCCCCCCC,522,-125,200,2.61,-0.625,0,False,198,172,26,1,1,171,0,26,0,0,1,1,0,1
110,11,9,0,First by Joss: 0.9,First by Downing,CDDCCCCCCDCCCCCCCCDCDCCCCDCCCCCDCCDCCCCDCCCCCCDCCCCDDCCCCCCCCCCCDCCCCCCCCCCCCCCCCDCCCCCCCCCCDDCCCCCCCCCCCCCCCCCCDCDCCCCCCCCCCCCCCCCCCCCCDCCDCCCCCCCCDCCCCCDCCCDCCCCCDCDCCCCCCDCCCCCCCCCCCCDCCCCCCCCCCCCC,647,125,200,3.235,0.625,1,True,173,172,1,26,1,148,23,0,1,24,2,0,1,0
111,9,12,0,First by Downing,First by Tullock,DDCDDDDDDDDDDDDDDDDCDDDDDDDDDDDDDDDDDDCDDDDDDDDDDDDDDDDDDDDDDDDDDDDDDDDDDDDCDDDDDDDDDDDDDDDDDDDDDDDDDDDDDDDDDDDDDDDDDDDDDDDDDDDDDDDDDDDDDDDDDDDDDDDDDDDDDDDDDDDDDDDDDDDDDDDDDDDDDDDDDDDDCDDDDDDDDDDDDDDD,238,30,200,1.19,0.15,1,False,5,1,4,10,185,0,1,0,4,1,9,4,180,0
111,12,9,0,First by Tullock,First by Downing,CCCCCCCCCCCDDDDDDDDDDDDDDDDDDDDDDDDDDDDDDDDDDDDDDDDDDDDDDDDDDDDDDDDDDDDDDDDDDDDDDDDDDDDDDDDDDDDDDDDDDDDDDDDDDDDDDDDDDDDDDDDDDDDDDDDDDDDDDDDDDDDDDDDDDDDDDDDDDDDDDDDDDDDDDDDDDDDDDDDDDDDDDDDDDDDDDDDDDDDD,208,-30,200,1.04,-0.15,0,True,11,1,10,4,185,1,0,9,1,0,4,0,184,1
112,9,13,0,First by Downing,First by Anonymous,DDDDDDDDDDDDDDDDDDDDDDDDDDDDDDDDDDDDDDDDDDDDDDDDDDDDDDDDDDDDDDDDDDDDDDDDDDDDDDDDDDDDDDDDDDDDDDDDDDDDDDDDDDDDDDDDDDDDDDDDDDDDDDDDDDDDDDDDDDDDDDDDDDDDDDDDDDDDDDDDDDDDDDDDDDDDDDDDDDDDDDDDDDDDDDDDDDDDDDDD,604,505,200,3.02,2.525,1,False,0,0,0,101,99,0,0,0,0,0,100,0,99,0
112,13,9,0,First by Anonymous,First by Downing,DDCCDDCDDCCDDCDCCDCDDCDDCCDDCCDDDCDDCCDCCCDDDCCCCCDDCDCCCDCDCDCDCDDDDCDDDDDDDDDDDCCCDDCDDCCDCCDCDCDDDCDDDCCCCCDCCCCCDCCCDCCDDCCCCDDDCDDCCDDDDDDCCCCCDDCCCDCDDCCCDCDCCCCDDDCDCCDCDDCDCCCCDDCDCCCDDDCCDCDC,99,-505,200,0.495,-2.525,0,False,101,0,101,0,99,0,0,51,49,0,0,50,49,1
113,9,14,0,First by Downing,Random: 0.5,DDDDDDDDDDDDDDDDDDDDDDDDDDDDDDDDDDDDDDDDDDDDDDDDDDDDDDDDDDDDDDDDDDDDDDDDDDDDDDDDDDDDDDDDDDDDDDDDDDDDDDDDDDDDDDDDDDDDDDDDDDDDDDDDDDDDDDDDDDDDDDDDDDDDDDDDDDDDDDDDDDDDDDDDDDDDDDDDDDDDDDDDDDDDDDDDDDDDDDDD,616,520,200,3.08,2.6,1,False,0,0,0,104,96,0,0,0,0,0,103,0,96,0
113,14,9,0,Random: 0.5,First by Downing,DDCCCDCDCDCCDCCCCCDDDDDCDDDDCDCCCDCDCDCCDDCCDDCCCDDCCDCDDDCCDCCCDCCCDDDDDCCDDCDDCCCDDDDCDDDDDDCDCCCDCCDCCCCDDDCCCCDCCDDCDCDDCCDCCCCCDCDCCCDDCCDCCCDDDDCCDDDDDDDCCDCDCCCCCDCCDCDCDDDCCDCDCDCCDCCCDCDDDCDC,96,-520,200,0.48,-2.6,0,False,104,0,104,0,96,0,0,53,50,0,0,51,45,1
114,9,15,0,First by Downing,"MyStrategy: [LinearRegression(), LinearRegression(), LinearRegression(), LinearRegression(), LinearRegression(), LinearRegression()], LogisticRegression(), 9",DDCCCCCCCCCCCCCCCCCCCCCCCCCCCCCCCCCCCCCCCCCCCCCCCCCCCCCCCCCCCCCCCCCCCCCCCCCCCCCCCCCCCCCCCCCCCCCCCCCCCCCCCCCCCCCCCCCCCCCCCCCCCCCCCCCCCCCCCCCCCCCCCCCCCCCCCCCCCCCCCCCCCCCCCCCCCCCCCCCCCCCCCCCCCCCCCCCCCCCC,504,-155,200,2.52,-0.775,0,False,198,166,32,1,1,166,0,31,0,0,1,1,0,1
114,15,9,0,"MyStrategy: [LinearRegression(), LinearRegression(), LinearRegression(), LinearRegression(), LinearRegression(), LinearRegression()], LogisticRegression(), 9",First by Downing,CDDCCCCCCDDDDDDDDDDCCCCCCCCCCCCCCCCCCCCCCCCCCCCCCCCCCCCCCCCCCCCCCCCCCCCCCCCCCCCCCCCCCCCCCCCCCCCCCCCCCCCCCCCCCCCCCCCCCCCCCCCCCCCCCCCCCCCCCCCCCCCCCCCCCCCCCCCCCCCCCCCCCCCCCCCCCCCCCCCDDDDDDDDDDDDDDDDDDDDD,659,155,200,3.295,0.775,1,True,167,166,1,32,1,164,2,0,1,2,29,0,1,0
115,10,10,0,"First by Feld: 1.0, 0.5, 200","First by Feld: 1.0, 0.5, 200",CCCCCCCCCCCCCCDCDCDCDCDCDCDCDCDDDDDDDDDDDDDDDDDDDDDDDDDDDDDDDDDDDDDDDDDDDDDDDDDDDDDDDDDDDDDDDDDDDDDDDDDDDDDDDDDDDDDDDDDDDDDDDDDDDDDDDDDDDDDDDDDDDDDDDDDDDDDDDDDDDDDDDDDDDDDDDDDDDDDDDDDDDDDDDDDDDDDDDDDD,252,0,200,1.26,0.0,0,True,22,14,8,8,170,13,1,0,8,8,0,0,169,1
115,10,10,0,"First by Feld: 1.0, 0.5, 200","First by Feld: 1.0, 0.5, 200",CCCCCCCCCCCCCCCDCDCDCDCDCDCDCDDDDDDDDDDDDDDDDDDDDDDDDDDDDDDDDDDDDDDDDDDDDDDDDDDDDDDDDDDDDDDDDDDDDDDDDDDDDDDDDDDDDDDDDDDDDDDDDDDDDDDDDDDDDDDDDDDDDDDDDDDDDDDDDDDDDDDDDDDDDDDDDDDDDDDDDDDDDDDDDDDDDDDDDDDD,252,0,200,1.26,0.0,0,True,22,14,8,8,170,14,0,0,8,7,1,0,169,1
116,10,11,0,"First by Feld: 1.0, 0.5, 200",First by Joss: 0.9,CCCCCCCCCCCCCCCCDCDCDCDCDCDDDDDDDDDDDDDDDDDDDDDDDDDDDDDDDDDDDDDDDDDDDDDDDDDDDDDDDDDDDDDDDDDDDDDDDDDDDDDDDDDDDDDDDDDDDDDDDDDDDDDDDDDDDDDDDDDDDDDDDDDDDDDDDDDDDDDDDDDDDDDDDDDDDDDDDDDDDDDDDDDDDDDDDDDDDDDD,244,-5,200,1.22,-0.025,0,True,21,15,6,5,174,15,0,0,6,5,0,0,173,1
116,11,10,0,First by Joss: 0.9,"First by Feld: 1.0, 0.5, 200",CCCCCCCCCCCCCCCDCDCDCDCDCDDDDDDDDDDDDDDDDDDDDDDDDDDDDDDDDDDDDDDDDDDDDDDDDDDDDDDDDDDDDDDDDDDDDDDDDDDDDDDDDDDDDDDDDDDDDDDDDDDDDDDDDDDDDDDDDDDDDDDDDDDDDDDDDDDDDDDDDDDDDDDDDDDDDDDDDDDDDDDDDDDDDDDDDDDDDDDD,249,5,200,1.245,0.025,1,True,20,15,5,6,174,14,1,0,5,5,1,0,173,0
117,10,12,0,"First by Feld: 1.0, 0.5, 200",First by Tullock,CCCCCCCCCCCCCCCCCCCCCCDCDCCDCCCCCDCDCDCDCDCDDDDCDDDDDDDDDDDDDDDDDDDDDDDDDDDDDDDDDDDDDDDDDDDDDDDDDDDDDDDDDDDDDDDDDDDDDDDDDDDDDDDDDDDDDDDDDDDDDDDDDDDDDDDDDDDDDDDDDDDDDDDDDDDDDDDDDDDDDDDDDDDDDDDDDDDDDDDD,284,5,200,1.42,0.025,1,True,36,28,8,9,155,26,2,0,8,9,0,0,154,0
117,12,10,0,First by Tullock,"First by Feld: 1.0, 0.5, 200",CCCCCCCCCCCCCCCCCCCCCDCDCCDCCCCCDCCCCCDCDCDDDDCDDDDDDDDDDDDDDDDDDDDDDDDDDDDDDDDDDDDDDDDDDDDDDDDDDDDDDDDDDDDDDDDDDDDDDDDDDDDDDDDDDDDDDDDDDDDDDDDDDDDDDDDDDDDDDDDDDDDDDDDDDDDDDDDDDDDDDDDDDDDDDDDDDDDDDDDD,279,-5,200,1.395,-0.025,0,True,37,28,9,8,155,25,3,4,5,6,2,1,153,1
118,10,13,0,"First by Feld: 1.0, 0.5, 200",First by Anonymous,CDDDDDCCCDCDDDCDDDCDDCDDDCCCDDCDCCDDDCDDDDDDCDCCDCDCDCDCCDCDDCDDDDDDCDDCDCDDDCCDDDCDDDDDCDDDCCDDCDDCDDDDDDDDDDDDDCDDDDDDDCDCCCDDDDCCDCDDCDDCDCCCCCCDDDDCDDDCDDDDDCDDCDDDDDCDDDDDCDDDCDCDDDDDDDCDDDDCCCCD,468,125,200,2.34,0.625,1,True,65,27,38,63,72,20,7,0,38,44,18,0,72,0
118,13,10,0,First by Anonymous,"First by Feld: 1.0, 0.5, 200",DDDDDCCCDCDDDCDDDCDDCDDDCCCDDCDCCDDDCDDDDDDCCCCDCDCDCCCCDCDDCDDCDCCCDDCDCCDDCCDDCCDDDDDCDDDCCDDCDDCCDDCDDCDDDDDDCDDDDDCDCDCCCDDDDCCCCDDCDCCDCCCCCCCDDDCCDCCDDDDDCDCCDDDCCCDDCCDCDDDCDCDDCCCDCCDDDDCCCCDC,343,-125,200,1.715,-0.625,0,False,90,27,63,38,72,14,13,28,34,13,25,35,37,1
119,10,14,0,"First by Feld: 1.0, 0.5, 200",Random: 0.5,CDDDCCDDCDCDDCCDDDCCDDCDDDCDDCDCDDDDCDDDCCCCDCDDCDDDCDDCDDCDDCDDDCDDDDCCCCDCDCDDDCDDCCDDDCDDCDDCDDDCCCCDCDCDCDCDCDCDDCDCDDDDDDDDDDCDDDCDCCCDDCDDCCDDCCDDDDDDCDDDDDDDDCDCDDCDDDDDDDCCDCDDDDDDDDDDDCDDDDDD,464,110,200,2.32,0.55,1,True,67,25,42,64,69,18,7,0,42,48,16,0,68,0
119,14,10,0,Random: 0.5,"First by Feld: 1.0, 0.5, 200",DDDCCDDCDCDDCCDDDCCDDCDDDCDDCDCCDDDCDDDCCCCDCDDCDDDCCDCDDCDDCDDDCDDCDCCCCDCDCDDDCDCCCDDDCDCCDDCDDCCCCCDCDCDCDCDCDCDCCDCDDDDDDDDDCCDDDCDCCCDDCCDCCDDCCDCCCDDCCDDCDDDCCDCDDCCDDDDDDCCCCDDDDCCDDDDDCCCDCDCD,354,-110,200,1.77,-0.55,0,False,89,25,64,42,69,10,15,26,38,18,24,35,33,1
120,10,15,0,"First by Feld: 1.0, 0.5, 200","MyStrategy: [LinearRegression(), LinearRegression(), LinearRegression(), LinearRegression(), LinearRegression(), LinearRegression()], LogisticRegression(), 9",CCCCCCCDCDDDDDDDDDDDCCCCCCCCCCCCCCCCCCDCCCCCCCCCCCCDCCCCCCCCCDCDCDCCCCCCCCDDCCCCCCCCCCCCCCCCCDCCCCCCDCCCDCCCCCDCCCCCDDCDCDCCDDCCCDCCCCDDCCCCDDDDCCDCCCCCCCCCCDCCCCCCCDCDCCCDCCCCCDDDDDDDDDDDDDDDDDDDDDDD,601,160,200,3.005,0.8,1,True,136,135,1,33,31,111,24,0,1,24,9,0,30,0
120,15,10,0,"MyStrategy: [LinearRegression(), LinearRegression(), LinearRegression(), LinearRegression(), LinearRegression(), LinearRegression()], LogisticRegression(), 9","First by Feld: 1.0, 0.5, 200",CCCCCCCCDDDDDDDDDDDCCCCCCCCCCCCCCCCCCCCCCCCCCCCCCCCCCCCCCCCCCCCCCCCCCCCCCCCCCCCCCCCCCCCCCCCCCCCCCCCCCCCCCCCCCCCCCCCCCCCCCCCCCCCCCCCCCCCCCCCCCCCCCCCCCCCCCCCCCCCCCCCCCCCCCCCCCCCCCCCDDDDDDDDDDDDDDDDDDDDD,441,-160,200,2.205,-0.8,0,True,168,135,33,1,31,135,0,31,2,0,1,1,29,1
121,11,11,0,First by Joss: 0.9,First by Joss: 0.9,CCDCDDDDDDDDDDDDDDDDDDDDDDDDDDDDDDDDDDDDDDDDDDDDDDDDDDDDDDDDDDDDDDDDDDDDDDDDDDDDDDDDDDDDDDDDDDDDDDDDDDDDDDDDDDDDDDDDDDDDDDDDDDDDDDDDDDDDDDDDDDDDDDDDDDDDDDDDDDDDDDDDDDDDDDDDDDDDDDDDDDDDDDDDDDDDDDDDDDDD,207,0,200,1.035,0.0,0,True,3,2,1,1,196,1,1,0,1,1,0,0,195,1
121,11,11,0,First by Joss: 0.9,First by Joss: 0.9,CCCDDDDDDDDDDDDDDDDDDDDDDDDDDDDDDDDDDDDDDDDDDDDDDDDDDDDDDDDDDDDDDDDDDDDDDDDDDDDDDDDDDDDDDDDDDDDDDDDDDDDDDDDDDDDDDDDDDDDDDDDDDDDDDDDDDDDDDDDDDDDDDDDDDDDDDDDDDDDDDDDDDDDDDDDDDDDDDDDDDDDDDDDDDDDDDDDDDDDD,207,0,200,1.035,0.0,0,True,3,2,1,1,196,2,0,0,1,0,1,0,195,1
122,11,12,0,First by Joss: 0.9,First by Tullock,CCCCCCDDCCCDCCCDDCCDCDCCCDCDCDCCDDDDDDDDDDDDDDDDDDDDDDDDDDDDDDDDDDDDDDDDDDDDDDDDDDDDDDDDDDDDDDDDDDDDDDDDDDDDDDDDDDDDDDDDDDDDDDDDDDDDDDDDDDDDDDDDDDDDDDDDDDDDDDDDDDDDDDDDDDDDDDDDDDDDDDDDDDDDDDDDDDDDDDDD,263,15,200,1.315,0.075,1,True,22,15,7,10,168,13,2,0,7,8,2,0,167,0
122,12,11,0,First by Tullock,First by Joss: 0.9,CCCCCCCCCCCCCCDCCCDCDCCCDCDCDCCDDDDDDDDDDDDDDDDDDDDDDDDDDDDDDDDDDDDDDDDDDDDDDDDDDDDDDDDDDDDDDDDDDDDDDDDDDDDDDDDDDDDDDDDDDDDDDDDDDDDDDDDDDDDDDDDDDDDDDDDDDDDDDDDDDDDDDDDDDDDDDDDDDDDDDDDDDDDDDDDDDDDDDDDD,248,-15,200,1.24,-0.075,0,True,25,15,10,7,168,11,4,7,3,6,1,0,167,1
123,11,13,0,First by Joss: 0.9,First by Anonymous,CCCDCDDCCDDDCDDCDCDDCDDDDDDDCCCCDCDCCDDCDDDCDDDDCDCCDCDDDDDCDCCDCDCDCCCDCDCDCCDDCCDCDDCDCDCCDDCDCCDCDCDCDCCDDCDDDDCCCCCDCDCCDCCDCDDCDCCCCDDDCDDDCDDDDCDDDDDCCCCCCCCDDDDDDDDCCDDCDDDCCCCDCDCDDDCCDDDDDCCC,475,55,200,2.375,0.275,1,True,92,45,47,58,50,39,6,0,46,52,6,0,50,0
123,13,11,0,First by Anonymous,First by Joss: 0.9,CCDCDDCCDDCCDCCDCCDCDDDDDDDCCCCDCDCCDDCDDDCDDDDCDCCDCDDCCDCDCCDCCCDCCCDCDCDCCDDCCDCDDCDCDCCDCCDCCCCDCDCDCCDDCCDDDCCCCCCCDCCDCCDCDDCDCCCCDDDCDDDCDDDDCDDDDDCCCCCCCCDDDDDDDDCCDDCDDDCCCCDCDCDDDCCCCDDDCCCD,420,-55,200,2.1,-0.275,0,True,103,45,58,47,50,25,20,27,31,27,19,23,27,1
124,11,14,0,First by Joss: 0.9,Random: 0.5,CDCDCDDDDDCDDDCCDCCDCDDDDCCCDCDDCCDCCDDDCDDCCCCCCDDCDDCCDCDCDDCDCDDDCDDDDCCDDDDCDDCCDCCDDCDCDDDDDCDDCDDDDDCCCCDDCDDCCCDDDCDDDCDDCDCCCCCCCDDDCCCCDDDCDDDCDDDDCCDDDDDCCDDDDDCDDDDDDDCDDDDDDCCCDDDCDDDDDCDC,430,35,200,2.15,0.175,1,True,79,35,44,51,70,33,2,0,43,45,6,0,70,0
124,14,11,0,Random: 0.5,First by Joss: 0.9,DCDCDCDCDCDDDCCDCCDCDDDDCCCDCDDCCDCCDDDCDDCCCCCCDDCDDCCDCDCCDCDCDDDCDDDDCCDDDDCDDCCDCCDDCDCDCDDDCDDCDDDDDCCCCDCCDCCCCDDDCDDDCDDCDCCCCCCCDDDCCCCDDDCDDDCDDDDCCDDDDDCCDDDDDCCCDDDDDCDDDDDDCCCDDDCDDDDDCDCD,395,-35,200,1.975,-0.175,0,False,86,35,51,44,70,17,18,21,30,17,26,31,39,1
125,11,15,0,First by Joss: 0.9,"MyStrategy: [LinearRegression(), LinearRegression(), LinearRegression(), LinearRegression(), LinearRegression(), LinearRegression()], LogisticRegression(), 9",CCCCCCCDCDDDDDDDDDDDCCDCCCCCCCCCCCDCCCCCCCCCCCCCCCCCCCCCCCCDCCCCCCDCCCCCCCCCCCCCCCCDCCCDCCDCCCCCCCDCCCCCCCCCCCCCCCCDCCCCCCCDCCCCCCCCCCCCCCCCCCCCCCCCCCDCCCCCCDCCCCCCCCCCCCCDCCCCCCCDDDDDDDDDDDDDDDDDDDDD,565,70,200,2.825,0.35,1,True,154,153,1,15,31,138,15,0,1,15,0,0,30,0
125,15,11,0,"MyStrategy: [LinearRegression(), LinearRegression(), LinearRegression(), LinearRegression(), LinearRegression(), LinearRegression()], LogisticRegression(), 9",First by Joss: 0.9,CCCCCCCCDDDDDDDDDDDCCCCCCCCCCCCCCCCCCCCCCCCCCCCCCCCCCCCCCCCCCCCCCCCCCCCCCCCCCCCCCCCCCCCCCCCCCCCCCCCCCCCCCCCCCCCCCCCCCCCCCCCCCCCCCCCCCCCCCCCCCCCCCCCCCCCCCCCCCCCCCCCCCCCCCCCCCCCCCCCDDDDDDDDDDDDDDDDDDDDD,495,-70,200,2.475,-0.35,0,True,168,153,15,1,31,152,1,14,1,0,1,1,29,1
126,12,12,0,First by Tullock,First by Tullock,CCCCCCCCCCCCDCCCCCCDCCDCCCDCDCCCCCCDDCDDDDDDCDDDDDDDDDDDDDDDDDDDDDDDDDDDDDDDDDDDDDDDDDDDDDDDDDDDDDDDDDDDDDDDDDDDDDDDDDDDDDDDDDDDDDDDDDDDDDDDDDDDDDDDDDDDDDDDDDDDDDDDDDDDDDDDDDDDDDDDDDDDDDDDDDDDDDDDDDDD,268,-5,200,1.34,-0.025,0,True,32,24,8,7,161,19,5,5,3,5,2,2,158,1
126,12,12,0,First by Tullock,First by Tullock,CCCCCCCCCCCCCCCDCCCCDCCCCCCCDCCDDDDCCDDDDCDDDDDDDDDDDDDDDDDDDDDDDDDDDDDDDDDDDDDDDDDDDDDDDDDDDDDDDDDDDDDDDDDDDDDDDDDDDDDDDDDDDDDDDDDDDDDDDDDDDDDDDDDDDDDDDDDDDDDDDDDDDDDDDDDDDDDDDDDDDDDDDDDDDDDDDDDDDDDD,273,5,200,1.365,0.025,1,True,31,24,7,8,161,21,3,4,3,3,5,2,158,0
127,12,13,0,First by Tullock,First by Anonymous,CCCCCCCCCCCCCCCDCCDCCDDCCDDCCCCCCCDCCCDCDDCCDCDDDDCDCDDDDDDCCCCDDCDDDDDDDDDDDDDDDDDCDDCCDDCDDCDCCDCDDCDDCDCCDDDDCDCDCCDDCCDDCCCDDDCDDDDDDDDDDCDDCDDCCCCCCCDDCDCCCDCCCDDCCCCCCCCCCCCDDDDCDCDCDDDCDCDDCCCD,467,35,200,2.335,0.175,1,True,100,61,39,46,54,38,23,21,18,22,24,18,35,0
127,13,12,0,First by Anonymous,First by Tullock,DCDCCCCCDDCDCCDCDCDDCDCCCDCCCCCCDCCDDCCCCDCDDDDCDDCDCDDCCCCCDDDDDDDCDCDCDDDCCCCDCCCCCDCDDCCCDDDCDDDCCDDCCDCDCDCCCDDCCCDDCCDCCDCDDDDDCDDDDDCDCDDDCCDCDCCDDCDDCCCCDCCCCCCCCDCCCDCCDCDDDCCDCDCCDDCCDCDCDDCD,432,-35,200,2.16,-0.175,0,False,107,61,46,39,54,28,33,27,19,22,17,30,23,1
128,12,14,0,First by Tullock,Random: 0.5,CCCCCCCCCCCDCCCCDCDDDDDDDDDDDCDDCCDCCDDDDDCDDDCDDDDCCCCDCDDDDDDCDCCCCCCCCCDDDCCDDDDCCCCCCCCCDDCDDDCCDDCDDDCCCDCDDDDDCDDCDDCDDDDDDDDDDCDDDDDDCDDDCCDDCCDDCCCDDCDCDDDCDCDDCDCCDCDCCDCDDDCDDDCCDDDCCCCCCCCD,461,35,200,2.305,0.175,1,True,91,40,51,58,51,28,12,24,27,22,35,16,35,0
128,14,12,0,Random: 0.5,First by Tullock,DDCDCDCCDCDDCDDDDDDDDDCDCDCDCDCCCDCDDCCDCDDCDCCCCCCCDDCCDCDCDDCCCCCDDDCCDDDCDCDCDCCDCCDCDCCCDDDCCCDCCCCDCCCCDDCDCDCCDDDDDDDDDDCDDDCCCDDDDCDCDDCCCCCCCCDDDDCDCDCDCDDDDDCCCCCDDDDCDDDDCDDCCDCDCCCCDCDCDDCC,426,-35,200,2.13,-0.175,0,False,98,40,58,51,51,16,24,31,26,26,25,25,26,1
129,12,15,0,First by Tullock,"MyStrategy: [LinearRegression(), LinearRegression(), LinearRegression(), LinearRegression(), LinearRegression(), LinearRegression()], LogisticRegression(), 9",CCCCCCCCCCCCDCCDDDDDDDDDDDCCCCCCCCCCCCCCCCCCCCCCCCCCCCCCCDCCCCDCCCCCCCCDCCCCCCDCCDCCCCCCDDCCCCCCCCCCCCDCDCDCDCCCCCCDCCCCCCCCCCCDCCCCCCCCCCCCCCCCCCCCCCCCCCCCCCDCDCCCCCCCCCCCCCCCCDCCCCCCCDDDDDDDDDDDDDDD,573,60,200,2.865,0.3,1,True,157,146,11,23,20,131,15,8,3,16,7,1,18,0
129,15,12,0,"MyStrategy: [LinearRegression(), LinearRegression(), LinearRegression(), LinearRegression(), LinearRegression(), LinearRegression()], LogisticRegression(), 9",First by Tullock,CCCCCCCCCDDDDDDDDDDCCCCCCCCCCCCCCCCCCCCCCCCCCCCCCCCCCCCCCCCCCCCCCCCCCCCCCCCCCCCCCCCCCCCCCCCCCCCCCCCCCCCCCCCCCCCCCCCCCCCCCCCCCCCCCCCCCCCCCCCCCCCCCCCCCCCCCCCCCCCCCCCCCCCCCCCCCCCCCCCDDDDDDDDDDDDDDDDDDDDD,513,-60,200,2.565,-0.3,0,True,169,146,23,11,20,144,2,23,0,0,11,1,18,1
130,13,13,0,First by Anonymous,First by Anonymous,CDDDDDCDCCDDDDCCCCCDCCCDDCDDDDCCDCCDCDCCDCDDDDDDCCDDDDCCCDDDCCDCCDDDCDDCCDDDDCCDCCCDDCDDDCDCCDDDCDDCCDDDDDCCCDDCCDCDDDDCDCDDCDCDDCDDDCCCCDDCCDCDCDDCDDDDCCDCDDDCDCDDCDCDDDCCCCCDDDCDCDCDCDDCDCDCDDCCDCCD,401,-25,200,2.005,-0.125,0,True,88,43,45,40,72,16,27,19,26,14,26,38,33,1
130,13,13,0,First by Anonymous,First by Anonymous,CDDDDDCDCDDDDDCCDCCDDDDCDDCDDCDCCDDCCDDCCDCDDDCDCCCCCDDCDCDCDDDCCCDDDCDDCDDDDDDCCCDDDDDCDCCCCCCDDDDDDDCCDCDCDCDDCDCDDCDDDDDDCDCDDCDDCDCCDCCCCDCDCDDCCDDCDDDCDCDDDDCDDDCCDDDCDDDCCDDCCCDDCCDCDCCDCDDDDCCD,426,25,200,2.13,0.125,1,True,83,43,40,45,72,20,23,11,29,22,23,29,42,0
131,13,14,0,First by Anonymous,Random: 0.5,DDDDDCDCCCCCCCDCCDDCCDDCCCCDCCCDCDCCCDDDCCDCCCCCDDDCDDCCCCCDCCCDCCCCDDDDDDDDDDCDCCDDDCCDCDDCDCDCDDDCCCCDCDCCDCCDDCCDCCCDDDCDDCDCCDDCCCCDDCCCCDDCCCDCCDCCCCCCCDDCCCDDCCCCDCCCCCDCCCDCCDCDDDCDCDDDCCDCCDDD,418,-80,200,2.09,-0.4,0,False,114,60,54,38,48,34,26,35,19,17,20,28,20,1
131,14,13,0,Random: 0.5,First by Anonymous,DCDCCCDDDDDDCCDDCDCDCCCCCDDDCDCCCDCDDDCCDCDDCCCCCDDDDDDCDDDCCCDDDDCCCCDDCDDDDDDCDDDCDDCCCCCCDCCDDCDCCCCCDCDCDCCDDCDDDDDCCDCCDCCCDCDDCCCCDDCCCCCCCCDDCDDCCCDCDDDDDDDCCDDDDDDCCCDCCCCDDDDDCCDDDCCDCCDDCDDC,498,80,200,2.49,0.4,1,False,98,60,38,54,48,37,23,18,19,23,31,20,28,0
132,13,15,0,First by Anonymous,"MyStrategy: [LinearRegression(), LinearRegression(), LinearRegression(), LinearRegression(), LinearRegression(), LinearRegression()], LogisticRegression(), 9",DDDCCCCDDDCDCCDCCCDDDCCDCCDCCCCDCDDCCDDCCDDDCCDCDCCCDDDCDCCDCCCCCDDDCCDCDDCCCCCDDCDDDDDCDCCDDCCDCDDDDCCCCDCDCCCDDDDDDDDCCCDCCDDDCCDDDCDCCCDDDDDDDCDCCDCDDCDCDDDDDCDDCCCCCDCDDCDDDCDDCDCCCDDCCDDDDDCDCDDD,687,355,200,3.435,1.775,1,False,94,79,15,86,20,40,39,7,8,38,48,9,10,0
132,15,13,0,"MyStrategy: [LinearRegression(), LinearRegression(), LinearRegression(), LinearRegression(), LinearRegression(), LinearRegression()], LogisticRegression(), 9",First by Anonymous,CDDDCCCCDDDDDDDDDDDCCCCCCCCCCCCCCCCCCCCCCCCCCCCCCCCCCCCCCCCCCCCCCCCCCCCCCCCCCCCCCCCCCCCCCCCCCCCCCCCCCCCCCCCCCCCCCCCCCCCCCCCCCCCCCCCCCCCCCCCCCCCCCCCCCCCCCCCCCCCCCCCCCCCCCCCCCCCCCCCDDDDDDDDDDDDDDDDDDDDD,332,-355,200,1.66,-1.775,0,True,165,79,86,15,20,79,0,83,3,1,14,1,18,1
133,14,14,0,Random: 0.5,Random: 0.5,DDCDCDDDCDDCDDDDCCDCDDCDDDDDDCCDDDDCDCCCCCCCCCDCCCDCDDDCDDCCDCCCCCDCCCDCDCDDDDDCCDDDDCCCCDDCCDDDCDDCDCCDCDDCCDDDCCCDCCDCDCDDDCDDDCDDDDDCDCDDDCDDCCCDCDDCDCDCCDCCCCDCDDDCCCCCCCCDCDCDCCCCDDDCCCDCCCDCDCCD,473,35,200,2.365,0.175,1,False,100,55,45,52,48,29,26,21,24,26,26,24,23,0
133,14,14,0,Random: 0.5,Random: 0.5,CDCDCCDDCDCDDDDCCDCDDDCCCCCCCDDCDCCCDDDDCDCCDDDCCCCDDDDCDCDDCDDCDDCCCCCDCCCCDCDDDDDCCCCDDDCCCCDDDCDCCCCCCDCCDCCCDCCDCCCDCDCCDDDDDCCDCCCCDCDCCCDDDCCCDCCCDDDDDDCCDCCDCDDCDCCCCCCCCCDDDCDDCDDDCCDCDCDDDCDD,438,-35,200,2.19,-0.175,0,True,107,55,52,45,48,32,23,28,24,22,23,24,23,1
134,14,15,0,Random: 0.5,"MyStrategy: [LinearRegression(), LinearRegression(), LinearRegression(), LinearRegression(), LinearRegression(), LinearRegression()], LogisticRegression(), 9",CCCDDCDDDDCCDCDCDCCDCCCCCDCDDCDDDCCDDCDCDDCCCDCCDCDCCDCCCCCCCDDDCDDDCCCDCCCCDCDCDDCCCDDCCDDCCDDCDCDDDCDDCDDDCDDCCDDDCCDCCDCCCDDDDDCCDDDDCDDCCCCDCCCCDDCDDCCDCCDDCCCCDCCDCCCDDCCCDDCCCDDDCDCDCCCDDDCDDCDD,666,300,200,3.33,1.5,1,True,105,89,16,76,19,49,40,5,11,40,36,10,8,0
134,15,14,0,"MyStrategy: [LinearRegression(), LinearRegression(), LinearRegression(), LinearRegression(), LinearRegression(), LinearRegression()], LogisticRegression(), 9",Random: 0.5,CCCCDDCDDDDDDDDDDDDCCCCCCCCCCCCCCCCCCCCCCCCCCCCCCCCCCCCCCCCCCCCCCCCCCCCCCCCCCCCCCCCCCCCCCCCCCCCCCCCCCCCCCCCCCCCCCCCCCCCCCCCCCCCCCCCCCCCCCCCCCCCCCCCCCCCCCCCCCCCCCCCCCCCCCCCCCCCCCCCDDDDDDDDDDDDDDDDDDDDD,366,-300,200,1.83,-1.5,0,True,165,89,76,16,19,88,1,74,2,2,14,0,18,1
135,15,15,0,"MyStrategy: [LinearRegression(), LinearRegression(), LinearRegression(), LinearRegression(), LinearRegression(), LinearRegression()], LogisticRegression(), 9","MyStrategy: [LinearRegression(), LinearRegression(), LinearRegression(), LinearRegression(), LinearRegression(), LinearRegression()], LogisticRegression(), 9",CCCCCCCCCDDDDDDDDDDCCCCCCCCCCCCCCCCCCCCCCCCCCCCCCCCCCCCCCCCCCCCCCCCCCCCCCCCCCCCCCCCCCCCCCCCCCCCCCCCCCCCCCCCCCCCCCCCCCCCCCCCCCCCCCCCCCCCCCCCCCCCCCCCCCCCCCCCCCCCCCCCCCCCCCCCCCCCCCCCDDDDDDDDDDDDDDDDDDDDD,538,0,200,2.69,0.0,0,True,169,169,0,0,31,167,2,0,0,0,0,1,29,1
135,15,15,0,"MyStrategy: [LinearRegression(), LinearRegression(), LinearRegression(), LinearRegression(), LinearRegression(), LinearRegression()], LogisticRegression(), 9","MyStrategy: [LinearRegression(), LinearRegression(), LinearRegression(), LinearRegression(), LinearRegression(), LinearRegression()], LogisticRegression(), 9",CCCCCCCCCDDDDDDDDDDCCCCCCCCCCCCCCCCCCCCCCCCCCCCCCCCCCCCCCCCCCCCCCCCCCCCCCCCCCCCCCCCCCCCCCCCCCCCCCCCCCCCCCCCCCCCCCCCCCCCCCCCCCCCCCCCCCCCCCCCCCCCCCCCCCCCCCCCCCCCCCCCCCCCCCCCCCCCCCCCDDDDDDDDDDDDDDDDDDDDD,538,0,200,2.69,0.0,0,True,169,169,0,0,31,167,2,0,0,0,0,1,29,1
